date,nav,cash,open_positions
2024-01-02,50006.25,50006.25,0
2024-01-03,50012.50078125,50012.50078125,0
2024-01-04,50018.75234384766,50018.75234384766,0
2024-01-05,50025.004687890636,50025.004687890636,0
2024-01-08,50031.25781347662,50031.25781347662,0
2024-01-09,50037.51172070331,50037.51172070331,0
2024-01-10,50043.7664096684,50043.7664096684,0
2024-01-11,50050.02188046961,50050.02188046961,0
2024-01-12,50056.27813320467,50056.27813320467,0
2024-01-16,50062.53516797132,50062.53516797132,0
2024-01-17,50068.792984867316,50068.792984867316,0
2024-01-18,50075.051583990426,50075.051583990426,0
2024-01-19,50081.310965438424,50081.310965438424,0
2024-01-22,50087.5711293091,50087.5711293091,0
2024-01-23,50093.832075700266,50093.832075700266,0
2024-01-24,50100.09380470973,50100.09380470973,0
2024-01-25,50106.35631643532,50106.35631643532,0
2024-01-26,50112.61961097487,50112.61961097487,0
2024-01-29,50118.88368842624,50118.88368842624,0
2024-01-30,50125.14854888729,50125.14854888729,0
2024-01-31,50131.4141924559,50131.4141924559,0
2024-02-01,50137.680619229955,50137.680619229955,0
2024-02-02,50143.94782930736,50143.94782930736,0
2024-02-05,50150.21582278603,50150.21582278603,0
2024-02-06,50156.48459976388,50156.48459976388,0
2024-02-07,50162.754160338845,50162.754160338845,0
2024-02-08,50169.02450460889,50169.02450460889,0
2024-02-09,50175.295632671965,50175.295632671965,0
2024-02-12,50181.56754462605,50181.56754462605,0
2024-02-13,50187.84024056913,50187.84024056913,0
2024-02-14,50194.1137205992,50194.1137205992,0
2024-02-15,50200.387984814275,50200.387984814275,0
2024-02-16,50206.663033312376,50206.663033312376,0
2024-02-20,50212.93886619154,50212.93886619154,0
2024-02-21,50219.21548354981,50219.21548354981,0
2024-02-22,50225.49288548525,50225.49288548525,0
2024-02-23,50231.77107209594,50231.77107209594,0
2024-02-26,50238.05004347995,50238.05004347995,0
2024-02-27,50244.32979973538,50244.32979973538,0
2024-02-28,50250.610340960346,50250.610340960346,0
2024-02-29,50256.89166725297,50256.89166725297,0
2024-03-01,50263.173778711374,50263.173778711374,0
2024-03-04,50269.456675433714,50269.456675433714,0
2024-03-05,50275.740357518145,50275.740357518145,0
2024-03-06,50282.024825062836,50282.024825062836,0
2024-03-07,50288.31007816597,50288.31007816597,0
2024-03-08,50294.596116925735,50294.596116925735,0
2024-03-11,50300.88294144035,50300.88294144035,0
2024-03-12,50307.170551808034,50307.170551808034,0
2024-03-13,50313.45894812701,50313.45894812701,0
2024-03-14,50319.74813049552,50319.74813049552,0
2024-03-15,50326.038099011836,50326.038099011836,0
2024-03-18,50332.32885377421,50332.32885377421,0
2024-03-19,50338.620394880934,50338.620394880934,0
2024-03-20,50344.912722430294,50344.912722430294,0
2024-03-21,50351.205836520596,50351.205836520596,0
2024-03-22,50357.49973725016,50357.49973725016,0
2024-03-25,50363.794424717315,50363.794424717315,0
2024-03-26,50370.08989902041,50370.08989902041,0
2024-03-27,50376.38616025778,50376.38616025778,0
2024-03-28,50382.683208527815,50382.683208527815,0
2024-04-01,50388.98104392888,50388.98104392888,0
2024-04-02,50395.27966655937,50395.27966655937,0
2024-04-03,50401.57907651769,50401.57907651769,0
2024-04-04,50406.57911140226,50725.0269650838,1
2024-04-05,50483.58469763334,50731.33662446358,1
2024-04-08,50566.82469410493,50737.65668754246,1
2024-04-09,50645.15281747656,50645.15281747656,0
2024-04-10,50651.48346157875,50651.48346157875,0
2024-04-11,50657.81489701144,50657.81489701144,0
2024-04-12,50662.846961373565,51075.6273181903,1
2024-04-15,50314.79480914972,51122.31501542633,2
2024-04-16,50358.607373306775,51128.60905459309,2
2024-04-17,50247.46808533617,51134.8892030852,2
2024-04-18,50136.92382908538,51156.789406473035,2
2024-04-19,49977.925537706345,51163.035866357764,2
2024-04-22,50344.82429564744,51169.328182855155,2
2024-04-23,50600.334175229465,51158.08651415285,1
2024-04-24,50475.65453171027,51164.395182385786,1
2024-04-25,50255.14433497752,51170.67629028917,1
2024-04-26,50506.39367236764,51176.98880043445,1
2024-04-29,50810.01282873755,51183.339258230815,1
2024-04-30,50721.13813869549,51189.67860807942,1
2024-05-01,50959.78231788244,51196.047784722075,1
2024-05-02,51071.84031404188,51071.84031404188,0
2024-05-03,51078.224294081134,51078.224294081134,0
2024-05-06,51084.60907211789,51084.60907211789,0
2024-05-07,51090.99464825191,51090.99464825191,0
2024-05-08,51097.38102258294,51097.38102258294,0
2024-05-09,51103.76819521076,51103.76819521076,0
2024-05-10,51110.15616623516,51110.15616623516,0
2024-05-13,51116.54493575594,51116.54493575594,0
2024-05-14,51122.93450387291,51122.93450387291,0
2024-05-15,51129.324870685894,51129.324870685894,0
2024-05-16,51135.71603629473,51135.71603629473,0
2024-05-17,51142.10800079927,51142.10800079927,0
2024-05-20,51148.50076429937,51148.50076429937,0
2024-05-21,51154.89432689491,51154.89432689491,0
2024-05-22,51161.28868868577,51161.28868868577,0
2024-05-23,51167.68384977185,51167.68384977185,0
2024-05-24,51174.07981025307,51174.07981025307,0
2024-05-28,51180.47657022935,51180.47657022935,0
2024-05-29,51186.87412980063,51186.87412980063,0
2024-05-30,51193.272489066854,51193.272489066854,0
2024-05-31,51199.67164812799,51199.67164812799,0
2024-06-03,51206.071607084006,51206.071607084006,0
2024-06-04,51212.47236603489,51212.47236603489,0
2024-06-05,51218.87392508065,51218.87392508065,0
2024-06-06,51225.276284321284,51225.276284321284,0
2024-06-07,51231.679443856825,51231.679443856825,0
2024-06-10,51238.08340378731,51238.08340378731,0
2024-06-11,51244.48816421278,51244.48816421278,0
2024-06-12,51250.893725233305,51250.893725233305,0
2024-06-13,51257.30008694896,51257.30008694896,0
2024-06-14,51263.70724945983,51263.70724945983,0
2024-06-17,51270.11521286602,51270.11521286602,0
2024-06-18,51276.52397726763,51276.52397726763,0
2024-06-20,51282.93354276479,51282.93354276479,0
2024-06-21,51289.34390945763,51289.34390945763,0
2024-06-24,51295.755077446316,51295.755077446316,0
2024-06-25,51302.167046831,51302.167046831,0
2024-06-26,51308.57981771185,51308.57981771185,0
2024-06-27,51314.99339018906,51314.99339018906,0
2024-06-28,51321.40776436283,51321.40776436283,0
2024-07-01,51327.822940333375,51327.822940333375,0
2024-07-02,51334.238918200914,51334.238918200914,0
2024-07-03,51340.65569806569,51340.65569806569,0
2024-07-05,51347.07328002795,51347.07328002795,0
2024-07-08,51353.49166418795,51353.49166418795,0
2024-07-09,51359.910850645974,51359.910850645974,0
2024-07-10,51366.330839502305,51366.330839502305,0
2024-07-11,51372.751630857245,51372.751630857245,0
2024-07-12,51379.1732248111,51379.1732248111,0
2024-07-15,51385.5956214642,51385.5956214642,0
2024-07-16,51392.018820916885,51392.018820916885,0
2024-07-17,51398.4428232695,51398.4428232695,0
2024-07-18,51404.86762862241,51404.86762862241,0
2024-07-19,51409.34299332599,51569.878752097706,1
2024-07-22,51468.08193984784,51576.31145825192,1
2024-07-23,51484.02639518606,51582.746157213944,1
2024-07-24,51180.51551879988,51283.78989489876,1
2024-07-25,51225.13928220379,51358.95651744553,2
2024-07-26,51294.03011087673,51437.62823483508,2
2024-07-29,51316.055253632905,51485.61475918654,3
2024-07-30,51341.839958633114,51492.031687065384,3
2024-07-31,51414.639842616125,51580.61151132262,1
2024-08-01,51298.57502262539,51694.18913229929,2
2024-08-02,50910.09189830154,51654.62152334102,3
2024-08-05,49879.62337285205,49879.62337285205,0
2024-08-06,49876.10710702366,51276.91261047126,2
2024-08-07,49805.02542924275,51283.13746054366,2
2024-08-08,50342.17255350972,51289.42944561471,2
2024-08-09,50794.79388977928,51073.42115950732,1
2024-08-12,50828.26174746359,51079.773898133426,1
2024-08-13,50963.63436238799,51605.67146868471,1
2024-08-14,51201.12292435134,51612.070809132696,1
2024-08-15,51379.55981401793,51379.55981401793,0
2024-08-16,51385.98225899468,51385.98225899468,0
2024-08-19,51392.40550677705,51392.40550677705,0
2024-08-20,51398.829557465404,51398.829557465404,0
2024-08-21,51403.954248660084,51971.31227722743,2
2024-08-22,51488.699126310734,51977.74756020785,2
2024-08-23,51669.31342909801,51946.704827295805,1
2024-08-26,51660.462448427184,52064.853073224986,2
2024-08-27,51791.49289229511,51885.226406883376,1
2024-08-28,51767.10016329931,51936.27904630239,2
2024-08-29,51833.35813782419,51942.75740627462,2
2024-08-30,51887.64667446296,51887.64667446296,0
2024-09-03,51892.83246779726,52261.9951882373,1
2024-09-04,51893.36246844286,52337.21604815564,2
2024-09-05,52010.7106931144,52343.7165744265,2
2024-09-06,51860.67078142901,52362.215588064326,2
2024-09-09,52112.41649620069,52792.915599587825,3
2024-09-10,52166.45140253928,52933.60385367396,4
2024-09-11,52390.215369808444,52970.59091755902,4
2024-09-12,52430.012581878436,52935.59474436141,3
2024-09-13,52810.41644851169,53082.91493856084,2
2024-09-16,52811.980899723174,53148.22273810059,3
2024-09-17,52794.582675824524,53130.28968678337,3
2024-09-18,52779.03447796894,53136.886241523775,3
2024-09-19,52989.89391802143,53121.81401138041,2
2024-09-20,52987.01964607804,53194.26877696562,3
2024-09-23,53053.274493195124,53181.75475282838,2
2024-09-24,53066.63391788804,53188.387253005596,2
2024-09-25,53019.01040116143,53195.013800987246,2
2024-09-26,53054.90396140179,53201.64483510316,2
2024-09-27,53057.955162026876,53252.31594602419,3
2024-09-30,53069.92810013529,53245.608662465704,3
2024-10-01,53065.110762292294,53665.94000980867,2
2024-10-02,53244.159968887616,53706.35702392206,3
2024-10-03,53319.00152749616,53742.959246912,3
2024-10-04,53443.90135806861,53662.49382668675,3
2024-10-07,53452.65029900928,54014.5631969407,3
2024-10-08,53519.09153401037,54021.25224725116,3
2024-10-09,53517.00157328792,54027.941036349184,3
2024-10-10,53571.17620021495,54034.6365964292,3
2024-10-11,53774.47207678911,54068.40904668442,3
2024-10-14,53841.40619740061,53985.88281219127,3
2024-10-15,53791.08439327698,53906.397767780814,3
2024-10-16,53820.804922243784,53913.124527551125,3
2024-10-17,53868.461415649756,54126.926484092066,2
2024-10-18,53958.60572242802,54144.10980076733,2
2024-10-21,53902.76942198577,54101.242960478754,2
2024-10-22,53915.27997968632,54107.98152815526,2
2024-10-23,53894.37925215164,54114.71748356735,2
2024-10-24,53978.51424693125,54234.103946219155,2
2024-10-25,53961.5380912701,54240.84829543691,2
2024-10-28,54050.92373117977,54247.60381646318,2
2024-10-29,54102.57309165667,54628.647735045626,3
2024-10-30,54190.408125151385,54635.42068944197,3
2024-10-31,54247.67025485048,54642.200800709914,3
2024-11-01,54256.952182813766,54648.98207207384,3
2024-11-04,54337.67957484193,54655.77343310057,3
2024-11-05,54386.05824681133,54867.92092992946,2
2024-11-06,54488.62487799151,54874.731156760856,2
2024-11-07,54388.57999639443,54733.80251978835,1
2024-11-08,54491.00774397547,54740.61304444076,1
2024-11-11,54616.76608454032,54616.76608454032,0
2024-11-12,54623.59318030089,54623.59318030089,0
2024-11-13,54630.421129448434,54630.421129448434,0
2024-11-14,54637.24993208962,54637.24993208962,0
2024-11-15,54638.87893833112,55302.28418387795,2
2024-11-18,54993.99202827594,54993.99202827594,0
2024-11-19,54999.566114779474,55401.2886517502,1
2024-11-20,55026.93848082214,55780.31365216767,2
2024-11-21,55161.89946364346,55787.208027803674,2
2024-11-22,55466.2379277404,55466.2379277404,0
2024-11-25,55473.17120748137,55473.17120748137,0
2024-11-26,55480.1053538823,55480.1053538823,0
2024-11-27,55487.04036705154,55487.04036705154,0
2024-11-29,55493.97624709742,55493.97624709742,0
2024-12-02,55500.9129941283,55500.9129941283,0
2024-12-03,55507.85060825257,55507.85060825257,0
2024-12-04,55514.789089578604,55514.789089578604,0
2024-12-05,55521.7284382148,55521.7284382148,0
2024-12-06,55528.668654269575,55528.668654269575,0
2024-12-09,55535.60973785136,55535.60973785136,0
2024-12-10,55542.55168906859,55542.55168906859,0
2024-12-11,55549.494508029726,55549.494508029726,0
2024-12-12,55556.43819484323,55556.43819484323,0
2024-12-13,55563.38274961758,55563.38274961758,0
2024-12-16,55570.32817246128,55570.32817246128,0
2024-12-17,55577.27446348284,55577.27446348284,0
2024-12-18,55582.27137904078,56648.89194978068,1
2024-12-19,55939.61578099689,56655.88352780605,1
2024-12-20,56434.50228665098,56933.1016162191,1
2024-12-23,56623.6917709615,56940.17869305587,1
2024-12-24,56790.533799351346,56790.533799351346,0
2024-12-26,56797.63261607626,56797.63261607626,0
2024-12-27,56804.73232015327,56804.73232015327,0
2024-12-30,56811.182830443286,57267.54094136357,1
