date,orig_nav,pmcc_nav
2019-10-16,25000.0,25000.0
2019-10-17,25000.0,25000.0
2019-10-18,25000.0,25000.0
2019-10-21,25000.0,25000.0
2019-10-22,24947.583990948115,24947.583990948115
2019-10-23,24984.393294764963,24984.393294764963
2019-10-24,25026.823526791344,25026.823526791344
2019-10-25,24984.323526791344,24984.323526791344
2019-10-28,24984.323526791344,24984.323526791344
2019-10-29,24923.986159036573,24923.986159036573
2019-10-30,24991.03944826533,24991.03944826533
2019-10-31,24951.03944826533,24951.03944826533
2019-11-01,24951.03944826533,24951.03944826533
2019-11-04,24951.03944826533,24951.03944826533
2019-11-05,24951.715964858904,24951.715964858904
2019-11-06,24914.215964858904,24914.215964858904
2019-11-07,24914.215964858904,24914.215964858904
2019-11-08,24914.215964858904,24914.215964858904
2019-11-11,24914.215964858904,24914.215964858904
2019-11-12,24899.398274927982,24899.398274927982
2019-11-13,24905.61979385717,24905.61979385717
2019-11-14,24868.11979385717,24868.11979385717
2019-11-15,24868.11979385717,24868.11979385717
2019-11-18,24868.11979385717,24868.11979385717
2019-11-19,24845.817272910394,24845.817272910394
2019-11-20,24834.769068725233,24834.769068725233
2019-11-21,24834.23291441309,24834.23291441309
2019-11-22,24862.31998100464,24862.31998100464
2019-11-25,24827.31998100464,24827.31998100464
2019-11-26,24814.423652858168,24814.423652858168
2019-11-27,24833.841962872015,24833.841962872015
2019-11-29,24798.841962872015,24798.841962872015
2019-12-02,24798.841962872015,24798.841962872015
2019-12-03,24717.91235464445,24717.91235464445
2019-12-04,24782.32399819892,24782.32399819892
2019-12-05,24805.03969050331,24805.03969050331
2019-12-06,24767.53969050331,24767.53969050331
2019-12-09,24767.53969050331,24767.53969050331
2019-12-10,24747.048271654818,24747.048271654818
2019-12-11,24780.325553946972,24780.325553946972
2019-12-12,24745.325553946972,24745.325553946972
2019-12-13,24745.325553946972,24745.325553946972
2019-12-16,24745.325553946972,24745.325553946972
2019-12-17,24724.605534185954,24724.605534185954
2019-12-18,24735.748074003044,24735.748074003044
2019-12-19,24757.21206811286,24757.21206811286
2019-12-20,24724.71206811286,24724.71206811286
2019-12-23,24724.71206811286,24724.71206811286
2019-12-24,24706.002522150855,24706.002522150855
2019-12-26,24742.10194340741,24742.10194340741
2019-12-27,24709.60194340741,24709.60194340741
2019-12-30,24709.60194340741,24709.60194340741
2019-12-31,24710.223479891512,24710.223479891512
2020-01-02,24677.723479891512,24677.723479891512
2020-01-03,24324.600172393235,24028.37889069191
2020-01-06,24594.432262067457,24208.59832596024
2020-01-07,24554.63106011759,24183.484855073606
2020-01-08,24942.19168771422,24439.569785120962
2020-01-09,25314.43565697004,24671.759401441705
2020-01-10,25158.900971330007,24585.2006862641
2020-01-13,25811.534236935597,24967.816659681743
2020-01-14,25569.080882148748,24834.56741853831
2020-01-15,25586.409143216853,24845.320965116112
2020-01-16,26169.93206783777,25170.968620076957
2020-01-17,26475.709941056342,25343.84445058382
2020-01-21,26392.543619365977,25313.16985853355
2020-01-22,26534.094549592326,25402.480058417783
2020-01-23,26710.48301197347,25510.34838137977
2020-01-24,26382.542439488163,25207.52118793897
2020-01-27,25770.41101071652,24596.589486817604
2020-01-28,26246.074273707436,25047.92675316561
2020-01-29,26303.109213658434,25080.031247129948
2020-01-30,26379.20423833622,25190.970000831065
2020-01-31,25959.402994924512,24730.881852007285
2020-02-03,26505.91888602787,25162.497397643976
2020-02-04,27371.8787032173,25716.34376473258
2020-02-05,27394.318364251107,25735.06406510993
2020-02-06,27893.712453903212,26014.499418647894
2020-02-07,27870.77675606278,25890.56612686268
2020-02-10,27836.357449552343,26265.577838284356
2020-02-11,27838.284518802688,26245.0049075347
2020-02-12,27833.639144791407,26240.35953352342
2020-02-13,27802.139144791407,26208.85953352342
2020-02-14,27802.139144791407,26208.85953352342
2020-02-18,27802.139144791407,26208.85953352342
2020-02-19,27802.139144791407,26208.85953352342
2020-02-20,27802.139144791407,26208.85953352342
2020-02-21,27802.139144791407,26208.85953352342
2020-02-24,27802.139144791407,26208.85953352342
2020-02-25,28678.931883414694,26939.520149042826
2020-02-26,28678.931883414694,26939.520149042826
2020-02-27,28678.93188341328,26939.520149041644
2020-02-28,28678.93188341199,26939.520149040574
2020-03-02,28678.931883414694,26939.520149042826
2020-03-03,28678.93188341469,26939.520149042823
2020-03-04,28678.931883414694,26939.520149042826
2020-03-05,28678.931883414596,26939.520149042746
2020-03-06,28678.931883414298,26939.520149042495
2020-03-09,28678.931883026053,26939.52014871896
2020-03-10,28221.44973519136,26558.285025523383
2020-03-11,28959.022737834093,27295.858028166116
2020-03-12,28958.992101320706,27295.82739165273
2020-03-13,28959.02254182308,27295.857832155103
2020-03-16,28958.990882818645,27295.82617315067
2020-03-17,28959.00602899801,27295.841319330033
2020-03-18,28959.01433704069,27295.849627372714
2020-03-19,28959.0209846578,27295.856274989823
2020-03-20,28959.022818768608,27295.85810910063
2020-03-23,29262.07531831366,27598.910608645678
2020-03-24,29262.065224126498,27598.900514458517
2020-03-25,29262.059745480034,27598.895035812053
2020-03-26,29262.061641245677,27598.896931577696
2020-03-27,29262.052134689922,27598.88742502194
2020-03-30,29262.077501959342,27598.91279229136
2020-03-31,29262.078865738393,27598.914156070412
2020-04-01,29262.07883708701,27598.91412741903
2020-04-02,29262.079026614312,27598.91431694633
2020-04-03,29262.079033972648,27598.914324304667
2020-04-06,29262.079033997623,27598.914324329642
2020-04-07,29262.079033922964,27598.914324254984
2020-04-08,29262.079034071776,27598.914324403795
2020-04-09,29262.079034079317,27598.914324411337
2020-04-13,29262.079034079856,27598.914324411875
2020-04-14,29262.079034079863,27598.914324411882
2020-04-15,28360.89398698503,26490.135989585226
2020-04-16,28360.89398700869,26490.135989602968
2020-04-17,28360.893987042535,26490.135989628354
2020-04-20,28360.893986859523,26490.135989491093
2020-04-21,28360.893986948486,26490.135989557817
2020-04-22,28360.893987040134,26490.135989626553
2020-04-23,28360.893987044485,26490.135989629816
2020-04-24,28360.893987045718,26490.13598963074
2020-04-27,28360.893987045718,26490.13598963074
2020-04-28,28067.984269852645,25945.661592098855
2020-04-29,28608.976978161,26365.588862561304
2020-04-30,28646.654367854808,26358.57025424684
2020-05-01,28290.369994230416,26084.38777773171
2020-05-04,28406.756609677414,26186.763989916486
2020-05-05,28517.78844618558,26290.192590494007
2020-05-06,28621.93250114471,26358.858023423163
2020-05-07,28776.564171274622,26493.867620910547
2020-05-08,28965.336062799593,26660.470085683766
2020-05-11,29296.892381613623,26591.293021706868
2020-05-12,28673.6730156806,26127.284210051715
2020-05-13,28308.36776975633,25881.909440422456
2020-05-14,28541.56530485503,26063.152591435035
2020-05-15,28744.57751395626,26194.96014372274
2020-05-18,29367.973601416983,26600.8215246811
2020-05-19,29315.5270912597,26559.67664964548
2020-05-20,30133.578777607712,27058.178764200762
2020-05-21,29657.7700839409,26775.744266480397
2020-05-22,29763.16686099492,26863.823287264146
2020-05-26,29606.854993758145,26802.608476008973
2020-05-27,29848.054889856972,26940.56564609848
2020-05-28,29803.780163874904,26902.803878429273
2020-05-29,30475.052855732007,27272.2752469484
2020-06-01,29411.037661528426,26437.96824127307
2020-06-02,29646.69951474755,26575.479291730364
2020-06-03,29777.36420139144,26651.28346522504
2020-06-04,29388.471370679137,26484.998870412222
2020-06-05,30414.792229041897,26951.934953652988
2020-06-08,30934.556180881675,27168.658871362353
2020-06-09,31236.48163530036,27396.872904995533
2020-06-10,31617.447202942392,27738.30512347226
2020-06-11,32038.95580285611,27713.358627511527
2020-06-12,32766.843976304426,27899.787717761166
2020-06-15,32980.921470718844,28207.42214873288
2020-06-16,33429.83015384914,28655.85816675723
2020-06-17,33491.927810386216,28730.127554514842
2020-06-18,33546.650955311365,28807.93732150989
2020-06-19,33587.316834359925,28774.273214615987
2020-06-22,33838.754120251266,29138.079947410606
2020-06-23,34252.47730315156,29376.570275860457
2020-06-24,33904.57771233528,28495.176499257224
2020-06-25,34048.00115623107,28746.645954963056
2020-06-26,33716.50822838035,28185.51252181101
2020-06-29,33773.43099878746,28414.942579873936
2020-06-30,34093.94449166711,28916.44050058346
2020-07-01,34249.563538892406,29212.69245214446
2020-07-02,34244.08898522277,29323.139488315777
2020-07-06,35151.53438849278,29951.842524937027
2020-07-07,35034.66731432127,29917.99222619802
2020-07-08,35374.97768775737,30023.341179480303
2020-07-09,35831.290049875,30184.57804374129
2020-07-10,35875.117799008454,30165.424452796797
2020-07-13,35614.29461396986,29663.1144609341
2020-07-14,35460.99211195828,29589.189267596754
2020-07-15,35359.27253542544,29535.768899641633
2020-07-16,35078.640040978054,29358.42496927893
2020-07-17,34960.5359416957,29302.69748454866
2020-07-20,36127.55135525919,30054.90112990877
2020-07-21,33269.501507028355,29710.781806598872
2020-07-22,33433.13631913263,29846.67291584222
2020-07-23,32163.977109936466,28985.49010185303
2020-07-24,31646.332674462516,28667.591488120685
2020-07-27,32560.89888580189,29367.619920654557
2020-07-28,31925.264549284388,28936.769744008558
2020-07-29,32421.86888629357,29323.826410675596
2020-07-30,32737.330249778854,29502.783606351615
2020-07-31,33576.96497806641,30003.677480732837
2020-08-03,34254.34296005262,30407.93498740614
2020-08-04,34425.92806736638,30520.564118207487
2020-08-05,34390.12861573878,30543.133180490066
2020-08-06,34751.79592779564,30901.702422105875
2020-08-07,34327.3103008231,30539.13938234711
2020-08-10,34154.15590434238,30404.016915721328
2020-08-11,33682.847239513394,29852.331170168996
2020-08-12,34358.09387093746,30604.57057887146
2020-08-13,34431.61020605504,30687.221716172753
2020-08-14,34349.57494440355,30620.610414768096
2020-08-17,34648.793653862704,30929.844363549382
2020-08-18,35030.58913803206,31258.001995984545
2020-08-19,34827.21750187787,31057.722054304453
2020-08-20,35306.44598288182,31464.016165756624
2020-08-21,35528.70433588056,31655.240287387453
2020-08-24,35712.64313034811,31815.99437046296
2020-08-25,35692.06113647734,31762.04792022919
2020-08-26,35709.14162351202,32398.799952599067
2020-08-27,35783.937844749904,32368.749810964895
2020-08-28,35694.39900617905,32451.292350028252
2020-08-31,35854.19619724084,32808.75556866987
2020-09-01,35841.08245004871,33288.7057158989
2020-09-02,35934.12322806734,33513.2217700654
2020-09-03,38033.47567942662,34959.09868923449
2020-09-04,38027.47567942662,34744.383230659434
2020-09-08,38027.47567942662,34165.61752534421
2020-09-09,38027.47567942662,34450.54345887004
2020-09-10,38027.47567942662,34222.03830918686
2020-09-11,38027.47567942662,34077.319993560435
2020-09-14,38027.47567942662,34264.61381872115
2020-09-15,38057.86056530277,34474.2510201689
2020-09-16,38046.79298361953,34256.9715135262
2020-09-17,38035.09497161449,34053.0842751356
2020-09-18,38032.56061581038,33878.76651264528
2020-09-21,38095.24166976948,34004.83719662712
2020-09-22,38122.532716350295,34225.85896415937
2020-09-23,37620.90366540174,33175.36080207576
2020-09-24,37689.90688349971,33277.22725610308
2020-09-25,38025.41345820643,33776.31695000148
2020-09-28,38417.32575311949,34317.48981210227
2020-09-29,38325.9476646737,34196.44056009179
2020-09-30,38500.88242507312,34419.412929288424
2020-10-01,38832.63871105189,34855.272677893234
2020-10-02,38388.236309059255,34181.61328054357
2020-10-05,38812.409404303435,34751.11944175685
2020-10-06,38719.56078120008,34472.08859718459
2020-10-07,39083.46340361278,34959.61219043689
2020-10-08,39151.48551984304,35080.53185157896
2020-10-09,39476.19919810133,35525.38378532627
2020-10-12,40207.60831266342,36459.134173529834
2020-10-13,40201.27078588646,36454.35528582642
2020-10-14,40204.7057689961,36182.12930620243
2020-10-15,40211.53218563079,35966.522885504666
2020-10-16,40222.04439879466,35821.86381395901
2020-10-19,40214.54439879466,35302.802598050184
2020-10-20,40229.61995111299,35422.937600220524
2020-10-21,40257.02899687547,35477.15584700377
2020-10-22,40247.02899687547,35386.56699487098
2020-10-23,40247.02899687547,35456.61536958896
2020-10-26,40247.02899687547,35032.67771264148
2020-10-27,40262.25384898458,35269.75195900414
2020-10-28,40103.911858074294,34287.54869681029
2020-10-29,41231.40911910086,34604.86448927131
2020-10-30,41231.40911915925,34023.08123548325
2020-11-02,41231.40911919003,33983.340666229145
2020-11-03,41231.409119191936,34517.90143357246
2020-11-04,41231.40911919239,35541.852346597196
2020-11-05,41739.85169906156,36379.34523023058
2020-11-06,41687.41732034099,36458.13528972353
2020-11-09,41220.69025165293,35773.87583570255
2020-11-10,40736.3711319933,35143.72630730752
2020-11-11,41290.631301926776,36008.93111280404
2020-11-12,41211.99275102099,35791.49582522356
2020-11-13,41363.281135030105,36150.3607414867
2020-11-16,41446.85167650134,36329.66053182042
2020-11-17,41446.443081229576,36325.873326413755
2020-11-18,41359.75902273275,36157.92098286269
2020-11-19,41460.70917060579,36346.42043907373
2020-11-20,41317.45136127172,36127.0627886378
2020-11-23,41270.739935104124,36145.78555181265
2020-11-24,41623.18835917117,37353.77964946948
2020-11-25,41766.23678227933,37563.46688679365
2020-11-27,41989.9810013121,37874.707596461616
2020-11-30,42049.0302764707,37978.14181853643
2020-12-01,42428.025205638885,38427.24744108281
2020-12-02,42534.84387470314,38536.94690702653
2020-12-03,42579.702952847736,38592.74392925815
2020-12-04,42539.352649869084,38580.751601783006
2020-12-07,42655.894804613425,37903.26224377582
2020-12-08,42713.74600061214,38045.19269498686
2020-12-09,42100.558208548035,37464.36056232211
2020-12-10,42304.297990238105,37646.70451712241
2020-12-11,42406.86260350624,37787.558497236496
2020-12-14,43333.175611555256,38146.243641075074
2020-12-15,44170.521214542314,38591.75120057933
2020-12-16,44665.99191702386,38807.424780362686
2020-12-17,41300.93857369499,39103.801631448434
2020-12-18,40928.3771942633,38975.92175572282
2020-12-21,41074.6831470516,38928.06011452656
2020-12-22,41232.11019836608,39037.79164706304
2020-12-23,40560.8687164169,38812.93053382405
2020-12-24,40777.53706595424,38966.577403125426
2020-12-28,41946.3522746126,39449.0657588231
2020-12-29,42208.356063790925,39510.742797882325
2020-12-30,42059.07578012776,39469.229118912845
2020-12-31,42401.873289334064,39609.17794473369
2021-01-04,41075.122731470496,39005.28728554372
2021-01-05,41671.315510626686,38217.43115613899
2021-01-06,39947.96143338648,37535.70673164722
2021-01-07,42441.617810819786,38455.975755398424
2021-01-08,44066.708666238,39082.647817042984
2021-01-11,43126.968644037355,38317.18290083375
2021-01-12,43075.11381221511,38315.51397002397
2021-01-13,43418.02342279547,38640.649912759196
2021-01-14,43083.10316291131,38349.653111866675
2021-01-15,42616.55134373271,38706.87565633064
2021-01-19,43479.68729472592,39443.20494734672
2021-01-20,45033.71134638899,40655.43167965212
2021-01-21,45449.36386158663,41083.307446273684
2021-01-22,45325.67788670646,40924.417829270344
2021-01-25,45772.16452601807,41214.97811198113
2021-01-26,45926.23205760434,41380.48672631165
2021-01-27,45908.24994878938,40000.60306898571
2021-01-28,46603.170432145314,38559.318132509936
2021-01-29,45898.93721870843,37627.7133055891
2021-02-01,46693.39558674079,38726.98575307485
2021-02-02,47060.46774361887,39522.5435330313
2021-02-03,46380.32618408921,39383.64351376005
2021-02-04,47158.474942954104,39980.89199978427
2021-02-05,47423.93287189281,40234.2276409649
2021-02-08,47993.7197322879,40557.267570947675
2021-02-09,47990.62327679839,40536.924294550074
2021-02-10,47773.22321924506,40402.80011116763
2021-02-11,48238.81546603924,40730.76897209038
2021-02-12,48767.60838281186,41110.472902956375
2021-02-16,48530.981570424294,40111.67595309929
2021-02-17,48044.643144939415,39870.48818239212
2021-02-18,47686.112928696966,39714.23925094509
2021-02-19,47167.72610507224,40214.88460412135
2021-02-22,44964.23453317881,39160.10638665108
2021-02-23,44197.67140875877,39405.91134534614
2021-02-24,44709.290343671935,39614.4415535213
2021-02-25,42755.35835576136,38838.91397924479
2021-02-26,43233.14383876682,39070.5943433222
2021-03-01,44591.404921919886,39635.2516755397
2021-03-02,43393.15460999404,39141.59080435087
2021-03-03,42023.65399260691,38750.453682424544
2021-03-04,41200.76323398097,38022.153985912715
2021-03-05,41609.41723537364,37999.653985912715
2021-03-08,39819.152538669354,37999.653985912715
2021-03-09,42073.23957176934,38029.72154411163
2021-03-10,41516.92886115181,37605.55953127498
2021-03-11,43345.629831816004,38052.51078609321
2021-03-12,42401.479667366904,37750.29066339442
2021-03-15,43239.15264381548,38120.58828196888
2021-03-16,43713.490036576746,38304.76479714896
2021-03-17,44072.024993829364,38454.03290291415
2021-03-18,41361.87877395968,37403.87700815959
2021-03-19,41576.88272607671,38219.14557106122
2021-03-22,42778.14224280328,38853.808176592946
2021-03-23,42435.84245991643,38659.62479295586
2021-03-24,41172.25546732115,38107.47079244783
2021-03-25,40828.4918113754,38037.230534015536
2021-03-26,41986.045353095746,38573.53492414216
2021-03-29,41921.84787906159,38489.11672227328
2021-03-30,41477.428013446755,38370.48581223072
2021-03-31,42842.30286198776,38924.23676658082
2021-04-01,44365.148413280476,39576.21841132474
2021-04-05,46567.9858386084,40364.49256677056
2021-04-06,46484.01545841425,40326.72312947114
2021-04-07,46305.81143418915,40259.694303664946
2021-04-08,47018.041212717275,40633.21540995834
2021-04-09,47394.46833927041,40821.082472437636
2021-04-12,47303.891872985965,38500.315831015905
2021-04-13,48115.81018414138,38858.1115985845
2021-04-14,47241.32473160525,38491.536007327384
2021-04-15,48334.619845106405,38978.95023398758
2021-04-16,48393.297469911515,39000.35124271756
2021-04-19,47797.560839574115,38748.849004475356
2021-04-20,47573.9574403331,38669.639401422806
2021-04-21,47829.65616241341,39408.75919103316
2021-04-22,47255.94415188994,39160.831424063545
2021-04-23,47751.36736197354,39355.913237159126
2021-04-26,48215.03866193859,39529.53184413662
2021-04-27,47745.67991203459,39328.549775769796
2021-04-28,47419.80414824292,39197.2280065843
2021-04-29,47757.464961308426,39331.3170413697
2021-04-30,47335.41977481494,39135.262537863695
2021-05-03,46738.53577965397,38860.24898397504
2021-05-04,45974.97465295866,38543.55543419293
2021-05-05,45242.41040583455,38728.85313564646
2021-05-06,46028.53527468073,38999.44795101246
2021-05-07,46984.80485920193,39391.19261208329
2021-05-10,43896.68883464702,38327.18942822302
2021-05-11,44158.727078367854,38212.21266379961
2021-05-12,42648.08989449248,37168.51703132082
2021-05-13,42224.70771535444,37479.25975897848
2021-05-14,43812.6704656195,38115.63793050681
2021-05-17,43038.16380155557,38480.5562031573
2021-05-18,42498.911193555396,38166.35116030065
2021-05-19,44182.28481142571,37704.45913890184
2021-05-20,46143.03751407529,38455.65487751552
2021-05-21,45235.950236556855,38258.54018376857
2021-05-24,47266.24603207906,38981.963958602
2021-05-25,47578.37355668583,39043.456817923376
2021-05-26,47927.1640698424,39224.64526658525
2021-05-27,47342.841171969485,39135.25826111058
2021-05-28,47729.00090513371,39231.87196433237
2021-06-01,47258.91049974601,39110.82533775218
2021-06-02,47425.85818048137,39151.05913214747
2021-06-03,45867.13861663758,38835.30785752819
2021-06-04,48258.17550136672,39862.96967461454
2021-06-07,48361.94056140082,39946.6464220516
2021-06-08,48462.239772663306,40007.070021762025
2021-06-09,48761.58284104277,40206.40117900835
2021-06-10,49181.76937264845,40339.64413026053
2021-06-11,49312.06328960135,40328.47998201973
2021-06-14,50069.923516133575,40522.27368382582
2021-06-15,49721.928791110775,39907.955407580215
2021-06-16,49546.20754692724,39924.34677790362
2021-06-17,50418.05058295138,40246.2940031235
2021-06-18,50440.51493399635,40617.25297578391
2021-06-21,50941.51113592886,40719.68837682398
2021-06-22,51702.265717520015,41019.0364695941
2021-06-23,47302.365052255744,41014.56831421763
2021-06-24,47787.6752848091,41234.347420786245
2021-06-25,47666.48104480162,41208.05211816645
2021-06-28,48793.36737195993,41659.937478942964
2021-06-29,49120.426142742675,39477.94038624553
2021-06-30,49013.56650286408,39450.385797824936
2021-07-01,48974.59781361495,39456.127110937494
2021-07-02,49937.325244585925,39789.518173729
2021-07-06,50728.6822420582,40165.68751658916
2021-07-07,50827.443030975206,40182.168734479914
2021-07-08,51507.929525825035,40737.18224163132
2021-07-09,51936.54348910193,41002.59478250339
2021-07-12,52354.20721022215,41164.13621300587
2021-07-13,52471.4748860854,41139.14133809061
2021-07-14,52476.79281199789,41222.74744185287
2021-07-15,51947.50939019531,40943.99432531002
2021-07-16,51511.542859701905,40624.81822607152
2021-07-19,51567.71772749424,40676.62872582387
2021-07-20,52009.410772700336,41140.19584857924
2021-07-21,52582.33563238065,41222.62157802765
2021-07-22,53618.25708219135,41627.300259704156
2021-07-23,55322.37795318502,42270.24427992437
2021-07-26,55559.60187523541,42345.8505873966
2021-07-27,54085.94043357255,41691.0185186254
2021-07-28,54426.68607590555,41919.479530514145
2021-07-29,54577.265363073006,42038.97448888444
2021-07-30,53808.76783827427,41737.81406365873
2021-08-02,53950.737726975465,41714.31381844256
2021-08-03,54437.713782926316,41902.56739866358
2021-08-04,54625.30320615109,41963.14861407934
2021-08-05,55491.36171677639,42251.32759319308
2021-08-06,54438.32857606858,41951.3480398885
2021-08-09,54821.31525857599,42075.49167137718
2021-08-10,53879.80940825042,41770.969016163726
2021-08-11,53429.37589306479,41668.37462377688
2021-08-12,53979.879224451775,42317.256591923506
2021-08-13,54589.336680752975,42519.584398557796
2021-08-16,54697.183924205296,42530.11440093491
2021-08-17,53219.13973773262,41938.010458672754
2021-08-18,52129.2847376329,41296.39571248583
2021-08-19,52861.87814365248,41560.10434565997
2021-08-20,54183.92599854758,42240.8421358737
2021-08-23,56827.67472965779,43172.65734749924
2021-08-24,57473.04151977829,43227.40567960147
2021-08-25,57587.162133005506,43248.32355043807
2021-08-26,56491.125966463995,43100.644956132084
2021-08-27,58333.29687283585,43336.63135690695
2021-08-30,60621.254466640035,43581.92799386272
2021-08-31,60519.49825277042,43557.92214460434
2021-09-01,60611.907616906494,43605.540315753344
2021-09-02,60726.010981431486,43676.80495277738
2021-09-03,60964.74456477657,43719.3288597718
2021-09-07,61921.93468706873,44164.33691919057
2021-09-08,61548.75708068987,44094.07731956266
2021-09-09,61337.74396148787,44008.01804432207
2021-09-10,61029.02447938968,43824.445305769405
2021-09-13,60611.10781738792,43837.319551119705
2021-09-14,60351.495904211304,43774.769708415864
2021-09-15,60822.865193628175,43740.909397693904
2021-09-16,60931.68426114164,43738.69331255235
2021-09-17,60254.02860347385,43466.312680713054
2021-09-20,59511.65312143726,43031.007556435994
2021-09-21,59267.66178945984,43054.62169638138
2021-09-22,59324.47435280585,43297.563175182484
2021-09-23,59631.000222635135,43517.09153828672
2021-09-24,59565.92682500981,43561.89030029147
2021-09-27,58331.75299298394,42872.617893542636
2021-09-28,55305.51943276598,41227.45369324044
2021-09-29,54612.84370667617,41038.02899117278
2021-09-30,54269.352345679086,40877.58639171964
2021-10-01,54233.47073573115,40900.18154272727
2021-10-04,52528.12813788548,40265.880409528545
2021-10-05,53436.16872611286,40837.794629915996
2021-10-06,54129.72633657679,41165.087228581084
2021-10-07,54769.10591849811,41571.58843180798
2021-10-08,53697.08319891125,41256.071039654395
2021-10-11,52871.744685195285,40879.85908817973
2021-10-12,52286.819234126815,40674.54031775906
2021-10-13,52869.3353231161,41082.11670946545
2021-10-14,55052.0910430816,42105.912631806386
2021-10-15,55977.19338147212,42497.87643555203
2021-10-18,57758.9040097219,43129.74095960115
2021-10-19,59083.92886036833,43589.50660511323
2021-10-20,58795.518592826105,43535.12928684571
2021-10-21,60096.56245005205,43951.834225381856
2021-10-22,58207.28434838523,43399.034437244
2021-10-25,60423.14740365652,44078.98046837374
2021-10-26,61106.514862785436,44237.67946614137
2021-10-27,61832.97445140373,44396.97745340474
2021-10-28,64379.40520477382,45085.148497320144
2021-10-29,65680.0233705196,45426.9097372959
2021-11-01,65982.78841438459,45547.368901005924
2021-11-02,66427.46941845704,45694.857988971205
2021-11-03,67442.88009591811,45983.44029786989
2021-11-04,68994.44545705475,46565.98734490964
2021-11-05,69643.81908514713,46813.401505776215
2021-11-08,69755.8351259756,46866.90301639579
2021-11-09,69236.38406748539,46675.092368061094
2021-11-10,68388.85635701467,46381.77348419332
2021-11-11,68401.31723636764,46517.913962817955
2021-11-12,69253.39129078,47011.233092848925
2021-11-15,69204.23528844761,47341.91734106064
2021-11-16,70009.61067219217,47657.73548992144
2021-11-17,70135.74657388785,47644.995784914376
2021-11-18,71403.15299851182,48055.211900020164
2021-11-19,72134.45992888321,48285.158628470126
2021-11-22,70860.94034442498,47781.919776491646
2021-11-23,70293.43082695633,47568.25498416957
2021-11-24,70583.77204878372,47771.395557268
2021-11-26,69949.74323440417,46666.247522692385
2021-11-29,71387.23695255406,47791.764717089
2021-11-30,70220.85529398364,46959.1478199003
2021-12-01,68935.50558519147,46063.605897731635
2021-12-02,68792.75075220931,46302.63442562603
2021-12-03,67789.93629972292,45654.65126295726
2021-12-06,67488.42613410995,45929.47462539216
2021-12-07,69705.75788938053,47169.18744541811
2021-12-08,69930.18537385098,47408.67699303925
2021-12-09,68135.0470762291,46152.86967766535
2021-12-10,69098.21216338387,46845.710801886744
2021-12-13,67127.93701126243,45918.085633442584
2021-12-14,66002.30211699496,45257.81417354887
2021-12-15,68643.89698100708,46728.0770898579
2021-12-16,65322.008934203106,45150.40616519272
2021-12-17,64794.59925854624,44817.117076409384
2021-12-20,63764.928517387605,44252.95975425206
2021-12-21,66121.11061032361,45656.24482918184
2021-12-22,67455.90666641953,46458.095040381275
2021-12-23,68614.76776476379,46987.05182154682
2021-12-27,71284.67756767722,48037.72494695893
2021-12-28,70586.63416537447,47965.687894277384
2021-12-29,70633.86466186984,48026.420948216364
2021-12-30,70029.50132256502,47987.341272263424
2021-12-31,68956.52324225665,47840.76265386827
2022-01-03,69203.70090294085,48074.438282208495
2022-01-04,68979.81714231776,48252.265750395294
2022-01-05,67324.74911578864,47016.382184247945
2022-01-06,67097.95542487426,46768.34987739719
2022-01-07,65598.28746058473,46103.35135507998
2022-01-10,65770.5333705008,46191.76280621554
2022-01-11,67113.79235918442,46923.87188663854
2022-01-12,67418.65784635904,47121.429018594645
2022-01-13,65359.33846920511,45996.99078071583
2022-01-14,65508.507523437875,46143.31225125446
2022-01-18,64120.130717347216,45331.58798797288
2022-01-19,63393.39350757999,44921.25915375935
2022-01-20,62875.51265506174,44714.42653249704
2022-01-21,63942.66071366147,45946.61750370883
2022-01-24,64232.944613999876,45946.61750370883
2022-01-25,63253.32876889339,45946.61750370883
2022-01-26,63358.250041360596,45946.61750370883
2022-01-27,62550.26940838705,45946.61750370883
2022-01-28,63216.26688095717,45946.61750370883
2022-01-31,64161.51627962205,45946.61750370883
2022-02-01,63825.51668296745,45946.61750370883
2022-02-02,64498.44464342572,46021.66265618239
2022-02-03,63130.63301739285,45462.17077101341
2022-02-04,63378.8762025092,45615.355219448655
2022-02-07,62853.95053726165,45476.303777492554
2022-02-08,63965.19274784982,45000.1747323453
2022-02-09,64652.86134869438,45360.255983907286
2022-02-10,63946.195886274014,45027.128842295744
2022-02-11,62772.61710860221,44602.6334112407
2022-02-14,62850.99289718051,44640.24825531624
2022-02-15,63565.148036552724,44933.49419855222
2022-02-16,63186.12023375654,44894.9874477691
2022-02-17,62316.01104386295,44530.1753061901
2022-02-18,61711.70971625825,44351.62710183107
2022-02-22,61293.672302184386,44231.53942445986
2022-02-23,61640.344247607114,43975.84380854907
2022-02-24,62481.16915693078,45332.15284831537
2022-02-25,62614.13964293383,45332.15284831538
2022-02-28,62975.111075671295,45332.15284831538
2022-03-01,62690.450036487855,45332.15284831516
2022-03-02,62924.0338522896,45332.15284831538
2022-03-03,62253.25167450817,45332.15284831538
2022-03-04,61905.80000047061,45332.15284831538
2022-03-07,61515.29817611517,45332.15284831535
2022-03-08,61387.52513197388,45332.15284831538
2022-03-09,61681.38900899917,45332.15284831538
2022-03-10,61416.804494373486,45332.15284831538
2022-03-11,61181.71029326075,45332.15284831538
2022-03-14,62076.628506524015,45332.15284831538
2022-03-15,62293.390739930124,45332.15284831538
2022-03-16,62617.34863128714,45332.15284831538
2022-03-17,62760.619205650204,45332.15284831538
2022-03-18,63063.92264811991,45332.15284831538
2022-03-21,62956.850263376255,45332.15284831538
2022-03-22,63364.47870425722,45332.15284831538
2022-03-23,63037.30790013419,45332.15284831538
2022-03-24,63481.39692661641,45332.15284831538
2022-03-25,63432.00114403872,45332.15284831538
2022-03-28,63808.77387234408,45332.15284831538
2022-03-29,60172.3739118857,45332.15284831538
2022-03-30,59570.88054167863,39820.264444162465
2022-03-31,58877.97173603807,39600.26485447258
2022-04-01,58740.91796726599,39560.57200893668
2022-04-04,59800.20949081098,39901.29922070928
2022-04-05,58469.322079953345,39438.22134618808
2022-04-06,57428.39713855866,39097.66387000719
2022-04-07,57468.79235218164,39116.72883248095
2022-04-08,56810.6842178937,38892.63626605301
2022-04-11,57632.36083362812,38678.5256232389
2022-04-12,57544.3680278254,38606.77993367124
2022-04-13,57697.34340823824,39710.877387457826
2022-04-14,57393.48681485751,39710.877387457826
2022-04-18,57339.261565951354,39710.877387457826
2022-04-19,57603.686206670056,39710.877387457826
2022-04-20,57310.012371359306,39710.877387457826
2022-04-21,57168.28618511941,39710.877387457826
2022-04-22,58224.085770249854,39710.877387457826
2022-04-25,58261.967970023295,39710.877387457826
2022-04-26,58180.6100296195,39710.877387457826
2022-04-27,58084.95966289697,40345.1379233502
2022-04-28,58309.53349240254,40345.1379233502
2022-04-29,58048.725366025414,40345.1379233502
2022-05-02,58090.082938549494,40345.1379233502
2022-05-03,57976.25632332171,40345.1379233502
2022-05-04,58083.26460826272,40345.1379233502
2022-05-05,57906.349659121755,40345.1379233502
2022-05-06,58431.26931042978,40345.1379233502
2022-05-09,58359.3160608522,40345.1379233502
2022-05-10,58353.81998287846,41046.57487814879
2022-05-11,58267.67539797148,41046.57487814881
2022-05-12,59321.834309414,41046.57487814881
2022-05-13,59342.57640800487,41046.57487814881
2022-05-16,59298.37667274615,41046.57487814881
2022-05-17,59316.22229892476,41046.57487814881
2022-05-18,59292.052492845985,41046.57487814881
2022-05-19,59276.65501067275,41046.57487814881
2022-05-20,59273.75853204065,41637.53456126929
2022-05-23,59272.14785784108,41637.53456126929
2022-05-24,59266.49435345748,41637.53456126929
2022-05-25,59266.63699960013,41637.53456126929
2022-05-26,59272.24039146338,41637.53456126929
2022-05-27,59283.40248574613,41637.53456126929
2022-05-31,59268.40248574613,41637.53456126929
2022-06-01,59268.40248574613,41637.53456126929
2022-06-02,59268.40248574613,41637.53456126929
2022-06-03,59268.40248574613,41637.53456126929
2022-06-06,59268.40248574613,41637.53456126929
2022-06-07,59268.40248574613,41637.53456126929
2022-06-08,59268.40248574613,41637.53456126929
2022-06-09,59268.40248574613,41637.53456126929
2022-06-10,59268.40248574613,41637.53456126929
2022-06-13,60318.13811703823,41637.53456126929
2022-06-14,60318.13811703825,42431.274571021575
2022-06-15,60318.13811703825,42431.27457102158
2022-06-16,60318.13811703825,42431.27457102158
2022-06-17,60318.13811703825,42431.27457102158
2022-06-21,60318.13811703825,42431.27457102158
2022-06-22,60318.13811703825,42431.27457102158
2022-06-23,60318.13811703825,42431.27457102158
2022-06-24,60318.13811703825,42431.27457102158
2022-06-27,60318.13811703825,42431.27457102158
2022-06-28,60318.13811703825,42431.27457102158
2022-06-29,60318.13811703825,42431.27457102158
2022-06-30,60318.13811703825,42431.27457102158
2022-07-01,61142.47537133791,42431.27457102158
2022-07-05,61142.47537133791,42431.27457102158
2022-07-06,61142.47537133791,42431.27457102158
2022-07-07,61142.47537133791,42431.27457102158
2022-07-08,61142.47537133791,42431.27457102158
2022-07-11,61142.47537133791,42431.27457102158
2022-07-12,61142.47537133791,42431.27457102158
2022-07-13,61142.47537133791,42431.27457102158
2022-07-14,61142.47537133791,42431.27457102158
2022-07-15,61142.47537133791,42431.27457102158
2022-07-18,61142.47537133791,42431.27457102158
2022-07-19,61142.47537133791,42431.27457102158
2022-07-20,61142.47537133791,42431.27457102158
2022-07-21,61142.47537133791,42431.27457102158
2022-07-22,61142.47537133791,39917.63372389275
2022-07-25,61142.47537133791,39917.63372389275
2022-07-26,61142.47537133791,39917.63372389275
2022-07-27,61142.47537133791,39917.63372389275
2022-07-28,61142.47537133791,39917.63372389275
2022-07-29,61142.47537133791,39917.63372389275
2022-08-01,56862.11052059072,39917.63372389275
2022-08-02,56862.11052059072,39917.63372389275
2022-08-03,56862.11052059072,39917.63372389275
2022-08-04,56862.11052059072,39917.63372389275
2022-08-05,56862.11052059072,39917.63372389275
2022-08-08,56862.11052059072,39917.63372389275
2022-08-09,56862.11052059072,39917.63372389275
2022-08-10,56862.11052059072,39917.63372389275
2022-08-11,56862.11052059072,39917.63372389275
2022-08-12,56862.11052059072,39917.63372389275
2022-08-15,56862.11052059072,39917.63372389275
2022-08-16,56862.11052059072,39917.63372389275
2022-08-17,56862.11052059072,39917.63372389275
2022-08-18,56862.11052059072,39917.63372389275
2022-08-19,56862.11052059072,39917.63372389275
2022-08-22,56862.11052059072,39917.63372389275
2022-08-23,56862.11052059072,39917.63372389275
2022-08-24,56862.11052059072,39917.63372389275
2022-08-25,56862.11052059072,39917.63372389275
2022-08-26,56862.11052059072,39917.63372389275
2022-08-29,57720.72128828236,39917.63372389275
2022-08-30,57720.72128828236,40571.79145456717
2022-08-31,57720.72128828236,40571.79145456717
2022-09-01,57720.72128828236,40571.79145456717
2022-09-02,57720.72128828236,40571.79145456717
2022-09-06,58649.77530462435,40571.79145456717
2022-09-07,58649.77530462435,40571.79145456717
2022-09-08,58649.77530462435,40571.79145456717
2022-09-09,58649.77530462435,40571.79145456717
2022-09-12,58649.77530462435,40571.79145456717
2022-09-13,58649.77530462435,40571.79145456717
2022-09-14,58649.77530462435,41142.61276565533
2022-09-15,58649.77530462435,41142.61276565533
2022-09-16,58649.77530462435,41142.61276565533
2022-09-19,58649.77530462435,41142.61276565533
2022-09-20,58649.77530462435,41142.61276565533
2022-09-21,58649.77530462435,41142.61276565533
2022-09-22,59487.92619686825,41142.61276565533
2022-09-23,59487.92619686825,41911.41179947446
2022-09-26,59487.92619686825,41911.41179947446
2022-09-27,59487.92619686825,41911.41179947446
2022-09-28,59487.92619686825,41911.41179947446
2022-09-29,59487.92619686825,41911.41179947446
2022-09-30,59487.92619686825,41911.41179947446
2022-10-03,60386.3724167524,41911.41179947446
2022-10-04,60386.3724167524,41911.41179947446
2022-10-05,60386.3724167524,41911.41179947446
2022-10-06,60386.3724167524,41911.41179947446
2022-10-07,60386.3724167524,41911.41179947446
2022-10-10,60386.3724167524,41911.41179947446
2022-10-11,60386.3724167524,42438.3557617693
2022-10-12,60386.3724167524,42438.35576176931
2022-10-13,60386.3724167524,42438.355761769315
2022-10-14,60386.3724167524,42438.355761769315
2022-10-17,60386.3724167524,42438.355761769315
2022-10-18,60386.3724167524,42438.355761769315
2022-10-19,60386.3724167524,42438.355761769315
2022-10-20,60386.3724167524,42438.355761769315
2022-10-21,60386.3724167524,42438.355761769315
2022-10-24,60386.3724167524,42438.355761769315
2022-10-25,60386.3724167524,42438.355761769315
2022-10-26,60386.3724167524,42438.355761769315
2022-10-27,60386.3724167524,42438.355761769315
2022-10-28,60386.3724167524,42438.355761769315
2022-10-31,60386.3724167524,42438.355761769315
2022-11-01,60386.3724167524,42438.355761769315
2022-11-02,60386.3724167524,42438.355761769315
2022-11-03,61773.84032834257,43243.862626311806
2022-11-04,61773.84032834257,43243.862626311806
2022-11-07,61773.84032834257,43243.862626311806
2022-11-08,61773.84032834257,43243.862626311806
2022-11-09,61773.84032834257,43243.862626311806
2022-11-10,61773.84032834257,43243.862626311806
2022-11-11,61773.84032834257,43243.862626311806
2022-11-14,61773.84032834257,43243.862626311806
2022-11-15,61773.84032834257,43243.862626311806
2022-11-16,61773.84032834257,43243.862626311806
2022-11-17,61773.84032834257,43243.862626311806
2022-11-18,61773.84032834257,43243.862626311806
2022-11-21,61773.84032834257,43243.862626311806
2022-11-22,61773.84032834257,43243.862626311806
2022-11-23,61773.84032834257,43243.862626311806
2022-11-25,61773.84032834257,43243.862626311806
2022-11-28,61773.84032834257,43243.862626311806
2022-11-29,61773.84032834257,43243.862626311806
2022-11-30,61773.84032834257,43243.862626311806
2022-12-01,57930.914757002814,40488.280877107696
2022-12-02,57930.914757002814,40488.280877107696
2022-12-05,57930.914757002814,40488.280877107696
2022-12-06,57930.914757002814,40488.280877107696
2022-12-07,57930.914757002814,40488.280877107696
2022-12-08,58601.63063376298,40992.76985849962
2022-12-09,58601.63063376298,40992.76985849962
2022-12-12,58601.63063376298,40992.76985849962
2022-12-13,58601.63063376298,40992.76985849962
2022-12-14,58601.63063376298,40992.76985849962
2022-12-15,58601.63063376298,40992.76985849962
2022-12-16,58601.63063376298,40992.76985849962
2022-12-19,58601.63063376298,40992.76985849962
2022-12-20,59576.51189739236,41724.359098410634
2022-12-21,59576.51189739236,41724.359098410634
2022-12-22,59576.51189739236,41724.359098410634
2022-12-23,59576.51189739236,41724.359098410634
2022-12-27,59576.51189739236,41724.359098410634
2022-12-28,59576.51189739236,41724.359098410634
2022-12-29,60623.6520872588,42372.56694945025
2022-12-30,60623.6520872588,42372.56694945025
2023-01-03,60623.6520872588,42372.56694945025
2023-01-04,60623.6520872588,42372.56694945025
2023-01-05,60623.6520872588,42372.56694945025
2023-01-06,60623.6520872588,42372.56694945025
2023-01-09,60623.6520872588,42372.56694945025
2023-01-10,60623.6520872588,42372.56694945025
2023-01-11,60623.6520872588,42372.56694945025
2023-01-12,60623.6520872588,42372.56694945025
2023-01-13,60623.6520872588,42372.56694945025
2023-01-17,60623.6520872588,42372.56694945025
2023-01-18,60623.6520872588,42372.56694945025
2023-01-19,60623.6520872588,42372.56694945025
2023-01-20,60623.6520872588,42372.56694945025
2023-01-23,60623.6520872588,42372.56694945025
2023-01-24,55789.89748033015,39150.063878164496
2023-01-25,55789.89748033015,39150.063878164496
2023-01-26,55789.89748033015,39150.063878164496
2023-01-27,56904.77007327819,38676.89981507422
2023-01-30,54688.520613784814,37809.06892600356
2023-01-31,56278.834317168265,38436.69213318786
2023-02-01,58674.37415632113,39366.67627463813
2023-02-02,63915.01801990653,41239.342080203256
2023-02-03,62246.614406723136,40427.75241442129
2023-02-06,61635.424435658424,39992.55496828613
2023-02-07,63205.298249740066,40968.394734104855
2023-02-08,61831.842593612826,40117.10606084844
2023-02-09,61333.677676303385,39719.181396672466
2023-02-10,60792.1314639754,40072.146761587144
2023-02-13,61849.658676184335,40780.962803171315
2023-02-14,62162.636709619,41128.26322876938
2023-02-15,62692.728093555634,41502.56792877802
2023-02-16,61387.115491868986,40580.20545842105
2023-02-17,60779.81971935296,40248.88047767507
2023-02-21,57984.97038162812,39228.66090507962
2023-02-22,57707.88947233594,38960.08880715501
2023-02-23,58452.21636208067,39307.55306731644
2023-02-24,56254.372581165764,39233.29658257262
2023-02-27,56721.83316482995,39504.18956397752
2023-02-28,56403.15023418134,39443.568015203964
2023-03-01,55166.435135168285,39060.8160439332
2023-03-02,54967.51300629142,39108.08405679723
2023-03-03,57341.69496491339,39890.55986261741
2023-03-06,57344.74894001425,39923.81660911326
2023-03-07,55787.269705588915,39444.204973641936
2023-03-08,56174.06324469154,39576.47095633198
2023-03-09,55887.461632773535,39627.563828691746
2023-03-10,54811.866610968136,39110.59003105496
2023-03-13,57594.025577055254,38824.570575134436
2023-03-14,59707.19043597503,39726.42826029116
2023-03-15,61073.473895743475,39974.37090127145
2023-03-16,64516.07722910252,41140.52334341053
2023-03-17,64147.26710744337,40897.155531304765
2023-03-20,64173.49720272077,41050.85484544124
2023-03-21,66494.84039965144,41857.02245061076
2023-03-22,63791.12363510688,41133.17599386612
2023-03-23,66152.75494536242,41711.63897899815
2023-03-24,66681.88230344385,41903.88865963801
2023-03-27,64954.345502389115,41614.4163512784
2023-03-28,63689.56333033742,41371.09759587907
2023-03-29,67523.89944924832,42948.948344353295
2023-03-30,69626.29948063925,43412.888179970316
2023-03-31,73497.05396833137,44221.287764247485
2023-04-03,66933.24316402023,44108.996485427015
2023-04-04,66941.33740156158,44125.73562564474
2023-04-05,65922.27853015726,43647.133455464435
2023-04-06,66139.05645800909,43807.73279004029
2023-04-10,66167.70868405486,43849.93287944575
2023-04-11,65526.78293388058,43545.24632604136
2023-04-12,64614.31220022583,43098.50544210753
2023-04-13,65826.12649625851,43788.88073431776
2023-04-14,65265.105071082755,43594.44457585353
2023-04-17,65132.79731699304,43582.867823995155
2023-04-18,65087.68527931379,43594.951368410126
2023-04-19,64986.49663251213,43607.58179068049
2023-04-20,64339.73467730091,43305.98007182187
2023-04-21,64207.87846585117,43287.11940914051
2023-04-24,63532.860361050014,43148.86063427565
2023-04-25,60851.423123889384,42378.805731546934
2023-04-26,61798.72487445269,43092.3437602658
2023-04-27,66279.73213313453,44184.3001641698
2023-04-28,67478.9068604258,44475.494505475035
2023-05-01,66974.16865204844,43836.043661837895
2023-05-02,66423.77050265377,44313.886142304815
2023-05-03,65201.598435425454,44171.89522414414
2023-05-04,65426.84097289317,44429.69985734752
2023-05-05,68646.24159386425,44524.723214026235
2023-05-08,69043.32414896598,44651.65326067998
2023-05-09,67561.75593598372,44240.57324113103
2023-05-10,69921.28059558634,44898.27639077429
2023-05-11,70719.83088807542,45110.733571516954
2023-05-12,69682.12917672386,44841.13529614867
2023-05-15,71003.0792229462,45194.296741018574
2023-05-16,71288.5305992886,45258.63464690312
2023-05-17,74277.85843705785,46060.80182485096
2023-05-18,76834.16164548579,45476.692812536734
2023-05-19,76460.52839102903,45265.53935068651
2023-05-22,76995.66983209083,45513.55610017613
2023-05-23,75805.22745067293,44568.98158716798
2023-05-24,75610.63776463168,44222.824270562494
2023-05-25,78052.41632932922,45814.70505150854
2023-05-26,81073.09282581571,47572.24958374593
2023-05-30,81498.85003290555,47888.52521754674
2023-05-31,80734.93482220921,47476.459977240054
2023-06-01,82179.33734975374,48411.31354567563
2023-06-02,82832.34848807236,47734.68862321025
2023-06-05,82638.5888076123,47697.35419667582
2023-06-06,82145.87171131828,47532.95034173032
2023-06-07,79472.16493915665,46868.4712565538
2023-06-08,81033.77841466185,47262.938954563666
2023-06-09,81728.26004767045,47441.04352409036
2023-06-12,84939.81691191506,48504.86642843984
2023-06-13,86021.10326873085,48692.70636082652
2023-06-14,86976.27512529097,48846.28767882891
2023-06-15,89272.3221869231,49352.82670132649
2023-06-16,87633.85071194112,48073.42315946432
2023-06-20,87401.23013001242,48023.60300888399
2023-06-21,85020.67751803498,47460.99766544682
2023-06-22,86566.27992104355,48135.193920968275
2023-06-23,85146.77677152965,47736.77997617533
2023-06-26,83522.83784041225,47229.67369161157
2023-06-27,85580.9383740747,47849.45615625872
2023-06-28,85717.21234521954,47918.89522892809
2023-06-29,85378.54069373777,47830.92335664151
2023-06-30,87795.35864332145,48416.25979541287
2023-07-03,88075.60384647376,48505.6679515243
2023-07-05,88064.10117075787,48471.45576395853
2023-07-06,87039.44395373682,48137.66585963101
2023-07-07,86377.41402655584,48041.61856382998
2023-07-10,86287.17615842247,48026.946293402274
2023-07-11,86919.51575115258,48209.43232010103
2023-07-12,88839.85437063558,48741.49964193478
2023-07-13,91993.59887473284,49366.0929181849
2023-07-14,91981.61287118582,48586.5088938187
2023-07-17,93649.91362578026,48900.23463992579
2023-07-18,95379.89675676911,49215.7605252379
2023-07-19,95345.39952902264,48241.79872510025
2023-07-20,91377.84307285093,47034.760814259265
2023-07-21,90680.8558194258,47118.7299616165
2023-07-24,90890.84901021927,47193.71748790247
2023-07-25,91975.61250787212,47548.20719730813
2023-07-26,90995.38472720218,47285.40806374479
2023-07-27,91064.68222954987,47249.00713739216
2023-07-28,93727.92016825597,48131.47085934756
2023-07-31,93892.41109484626,48185.258234155495
2023-08-01,93408.2054313284,48034.702881472025
2023-08-02,90460.9903932836,47032.72643612494
2023-08-03,89770.09185689066,46149.24028287823
2023-08-04,89180.44616342906,45911.04674564129
2023-08-07,90331.02746852377,46905.17286511336
2023-08-08,87844.9301323429,46187.8335283467
2023-08-09,84666.84202324263,45248.02486685868
2023-08-10,85060.72994549153,45688.91869122919
2023-08-11,82524.30984335183,44977.61646036135
2023-08-14,85176.92867280585,45157.272976385306
2023-08-15,83353.94148091877,44467.64173211361
2023-08-16,80879.09960139595,43729.49016174615
2023-08-17,79276.06987701221,43123.64813438861
2023-08-18,78477.53381783454,42682.56954791368
2023-08-21,81350.23147024932,44341.867688440274
2023-08-22,80726.41078748641,44201.62118275819
2023-08-23,83846.5611477624,45238.917535780645
2023-08-24,79267.8911479037,43778.73322040002
2023-08-25,79911.52767311763,44195.12388717803
2023-08-28,80919.38337054383,44665.65962489562
2023-08-29,86461.72032469526,46250.55608385595
2023-08-30,88063.64375146206,46725.57222949023
2023-08-31,88584.79906297923,46903.74411588804
2023-09-01,88096.13951646781,46872.57520197452
2023-09-05,88389.1342780706,46908.97259473114
2023-09-06,85476.97234477417,46206.77947338858
2023-09-07,82852.84402400078,45582.0446558531
2023-09-08,82851.55238690754,45684.7943899575
2023-09-11,86415.47434687431,46633.4139009952
2023-09-12,82622.82426146153,45703.17257150504
2023-09-13,83393.08737801953,46020.424709142906
2023-09-14,85874.94844319587,46707.75686175761
2023-09-15,80083.26147331623,45187.96641036324
2023-09-18,80272.45328622745,45282.8987306828
2023-09-19,79530.49503043255,45365.92347905691
2023-09-20,75413.21165429118,44225.5907789286
2023-09-21,71833.34731604623,43020.47012996684
2023-09-22,71608.88069640334,43006.47868977544
2023-09-25,72069.80576272823,42970.163832913706
2023-09-26,69465.73762846172,41958.445440698735
2023-09-27,69567.14315465123,42089.98523613151
2023-09-28,70779.86908779637,42425.10159504828
2023-09-29,70930.3501848424,42432.401260177234
2023-10-02,71728.8933832074,42704.22223849368
2023-10-03,71110.90217319698,42675.61495729676
2023-10-04,72626.54669200248,43303.34548939246
2023-10-05,72161.13924943945,43194.221322171696
2023-10-06,74106.08903023398,43857.489880385045
2023-10-09,74685.71009126442,44007.28402112903
2023-10-10,75329.69542166103,44243.780814710975
2023-10-11,76291.39940445164,44574.34439680688
2023-10-12,75726.71229041304,44391.92859736508
2023-10-13,74459.73631965513,43940.31385085947
2023-10-16,75440.14184870248,44331.715545473184
2023-10-17,74969.46962321196,44175.912645280005
2023-10-18,73113.62556473055,43567.963697151274
2023-10-19,72194.80608435291,43160.42712737878
2023-10-20,69979.1154382434,42355.997515441275
2023-10-23,69590.982635133,42322.81951252266
2023-10-24,70294.95476415775,42636.34198146818
2023-10-25,67898.14126034916,41817.64912426292
2023-10-26,66377.80318644943,41240.964455073525
2023-10-27,66850.36701793363,41225.964455073525
2023-10-30,67049.85590755328,41225.964455073525
2023-10-31,66976.58178260761,41258.023737489864
2023-11-01,68433.57708585614,41301.40050849369
2023-11-02,69919.2824982174,41017.929277769705
2023-11-03,73637.22734947035,42148.43306635386
2023-11-06,74070.21064697107,41639.80245525996
2023-11-07,75813.88590199822,41959.84097587459
2023-11-08,75836.94408885798,41947.54871384421
2023-11-09,74522.60198599065,41780.78586156488
2023-11-10,78697.20922149673,42439.525891546735
2023-11-13,78257.07716668508,42338.68122595138
2023-11-14,81317.63923467336,43097.29753389081
2023-11-15,81418.48465548646,43124.12420081537
2023-11-16,81538.18811102767,43145.0233800489
2023-11-17,81418.28856980032,43136.237630284275
2023-11-20,83355.89112615849,43592.23824536509
2023-11-21,74936.02570294478,39165.73476727989
2023-11-22,75609.56320013852,39343.91064455325
2023-11-24,75262.51855281933,39297.46961030749
2023-11-27,75003.8302428897,39242.525522766024
2023-11-28,75457.79168514907,39343.57031434333
2023-11-29,75298.3162350504,39560.37061205467
2023-11-30,74748.45872184641,39449.65781303719
2023-12-01,75253.86721163456,39575.24086756828
2023-12-04,73459.05817391467,39179.225410278596
2023-12-05,74385.62726558489,38791.7859768318
2023-12-06,72332.50950393404,38315.20296233052
2023-12-07,77202.49082949545,39823.14226968326
2023-12-08,78512.46787501793,40173.373388811415
2023-12-11,81490.45424990494,40811.06481659659
2023-12-12,82789.12402568254,41476.56687146079
2023-12-13,85051.07799965482,42419.92822944305
2023-12-14,84941.44278765975,40258.47716042127
2023-12-15,85590.52220201555,40421.57611209473
2023-12-18,86980.95261824243,40699.59713316449
2023-12-19,87918.08364289475,40891.73175506569
2023-12-20,85259.02411030716,40264.40735302581
2023-12-21,87424.8474029189,40721.399633254194
2023-12-22,87547.39627178841,40799.9612405525
2023-12-26,88593.11858094159,41028.62967321079
2023-12-27,88870.35985839494,41123.88320786508
2023-12-28,88737.31701875872,41101.950479940606
2023-12-29,87733.78107811476,40921.74053728811
2024-01-02,84259.4409589119,40202.94024224341
2024-01-03,81068.59446903905,39010.20816133888
2024-01-04,79395.34476448417,38618.07495628513
2024-01-05,79130.44149549045,38677.54017335993
2024-01-08,85999.37241342851,40289.00420410424
2024-01-09,86510.98268739897,40445.3668422833
2024-01-10,89136.60386480484,40996.47817753769
2024-01-11,89901.51373635833,41183.063741670565
2024-01-12,90028.92486135734,41190.79924524638
2024-01-16,89952.51804749163,41110.18048995656
2024-01-17,87949.80086559265,40632.21534647876
2024-01-18,93594.44100497464,41813.53279460076
2024-01-19,101842.68036125215,43400.53126879961
2024-01-22,101712.71340834688,42492.74708367993
2024-01-23,102396.40841987391,42697.46734062446
2024-01-24,103622.3751514887,42896.45421373052
2024-01-25,103886.40100067778,42929.94501251015
2024-01-26,102548.84795453725,42688.59534905725
2024-01-29,104658.29525527655,43095.191876214994
2024-01-30,103055.86050825688,42815.540464315825
2024-01-31,99328.83033840363,41949.32233309299
2024-02-01,101495.70551146804,42470.72655726392
2024-02-02,105038.0977402774,43487.131681220184
2024-02-05,104493.33320864315,43418.574291058176
2024-02-06,103897.16444172012,43356.09669843238
2024-02-07,106151.26846788336,43783.813974908866
2024-02-08,106571.21292977539,43864.45502465288
2024-02-09,108873.75979237446,44254.83459534498
2024-02-12,108139.18756672785,43447.14449973162
2024-02-13,105238.21790863221,42702.08446159533
2024-02-14,107101.95493933858,43221.46404367713
2024-02-15,107690.63341529247,43394.03334237695
2024-02-16,105832.98425512358,43020.58967058406
2024-02-20,104765.80274418525,42815.54413157509
2024-02-21,103870.41883121514,42629.85312281942
2024-02-22,109255.08006060403,43723.09708944537
2024-02-23,108242.57246442916,43564.16349339913
2024-02-26,107952.31487241847,43526.469916494185
2024-02-27,108314.56432135099,43610.26774118456
2024-02-28,107161.9110677988,43383.72819125569
2024-02-29,108852.48521331773,43720.943444882476
2024-03-01,112513.47678356722,44393.67667061097
2024-03-04,111415.20869870877,43212.01431718405
2024-03-05,107322.78791649449,42443.13514499665
2024-03-06,108731.7645065822,42710.50849468124
2024-03-07,112284.80268646128,43352.17875384562
2024-03-08,108744.63421054269,42718.23736946469
2024-03-11,107813.81478187682,42555.2829840196
2024-03-12,111048.65348505163,43218.30847206191
2024-03-13,108985.13487815176,42848.364703631916
2024-03-14,108482.06022375605,42747.54966072045
2024-03-15,105601.40894288407,42219.606510796846
2024-03-18,107534.53327533854,42602.29522330409
2024-03-19,108053.94630450396,42734.86030482234
2024-03-20,111184.58588508834,43345.01318145333
2024-03-21,112322.44787935421,43534.148607922674
2024-03-22,112539.14329749704,43570.190077236606
2024-03-25,111503.97352976617,43401.57078106032
2024-03-26,110539.04977275556,43240.847087112874
2024-03-27,111500.56409554949,43414.39268334001
2024-03-28,110867.28549701665,43305.98409565846
2024-04-01,111363.0710523064,43695.96894486528
2024-04-02,108648.77725099397,43198.39104692297
2024-04-03,109463.2765318728,43390.570731593696
2024-04-04,105052.99723535505,42546.99916529349
2024-04-05,108520.6300040551,43244.01218034793
2024-04-08,108591.17754370264,43292.59101549733
2024-04-09,108620.93227547362,43462.13757613526
2024-04-10,108488.17091054589,43014.350951477514
2024-04-11,108750.78870084124,43848.526497438426
2024-04-12,108700.78870084124,43099.2763166903
2024-04-15,108700.78870084124,42441.10240904398
2024-04-16,108746.30852182995,42317.43135998173
2024-04-17,108644.58022206095,41774.13506717953
2024-04-18,108620.10510631707,41525.825187824565
2024-04-19,108003.63947035093,40577.10505312313
2024-04-22,107971.13947035093,40549.60505312313
2024-04-23,108134.82520308196,40610.98720289727
2024-04-24,108074.82520308196,40588.48720289727
2024-04-25,108074.82520308196,40588.48720289727
2024-04-26,108074.82520308196,40588.48720289727
2024-04-29,108074.82520308196,40588.48720289727
2024-04-30,107461.99026813736,40365.63813564469
2024-05-01,107313.48917843914,40311.63773939079
2024-05-02,107413.87420683113,40341.825543834755
2024-05-03,107186.44889049463,40251.91871439355
2024-05-06,109432.80730127812,39993.477562378066
2024-05-07,109242.20888210236,39961.41834955377
2024-05-08,108915.90104575292,39903.32515295122
2024-05-09,109248.98796926362,39967.95177228407
2024-05-10,109707.63825606252,40055.17061173607
2024-05-13,110540.74192486795,40208.49991891214
2024-05-14,112129.00535056238,40511.81308489165
2024-05-15,116091.69640328227,41235.46757836954
2024-05-16,115529.64942550135,41124.68883645423
2024-05-17,115147.44019353688,41103.17493124831
2024-05-20,116743.61490616592,41398.18647833896
2024-05-21,117098.61340063995,41497.42939941976
2024-05-22,117111.24101016234,41465.48189858183
2024-05-23,116094.41618715963,41243.06631547958
2024-05-24,118239.57705914868,41709.38646232537
2024-05-28,119273.70822188494,41827.90028816243
2024-05-29,117814.28785622251,41467.61872155359
2024-05-30,115150.58634451602,40967.40225313737
2024-05-31,114477.15687632708,41000.82762131058
2024-06-03,115887.50928044322,40912.506595128994
2024-06-04,117091.76849535991,41134.59944506736
2024-06-05,127546.96264792224,42969.182974251264
2024-06-06,127324.3886553917,42947.811429703885
2024-06-07,126591.357998461,42878.61490587501
2024-06-10,128700.96981094524,43188.59050221251
2024-06-11,132678.07269806764,43810.31417264034
2024-06-12,136419.25126304996,45035.34789882247
2024-06-13,138135.03084398722,44047.17889233056
2024-06-14,140039.95823356582,44255.91164606827
2024-06-17,143944.99046125408,44808.06692037695
2024-06-18,143844.57270641098,44836.305074757656
2024-06-20,141352.79841044388,44429.72928913378
2024-06-21,140269.4526634737,44291.88947859741
2024-06-24,136545.67950120362,43759.446097780885
2024-06-25,140102.00650433663,44362.71357318913
2024-06-26,140611.12549469457,44786.266667676704
2024-06-27,141292.88520920833,44911.160069221776
2024-06-28,139390.57783638831,44642.88090238901
2024-07-01,141240.01925925552,44933.08520976454
2024-07-02,144901.35393277663,45420.17979435419
2024-07-03,147927.8315386002,45085.22376484159
2024-07-05,151699.42545745775,45585.39832454821
2024-07-08,152298.2401868329,45687.7383544563
2024-07-09,152545.80901503252,45718.46823815752
2024-07-10,156492.2837032174,46224.64467858466
2024-07-11,148354.73761552086,43868.7037199177
2024-07-12,150152.7783740336,44150.601713818454
2024-07-15,151108.9184318668,44590.021191906766
2024-07-16,151211.42523317935,44615.34106659247
2024-07-17,140241.8217412254,42651.43342126971
2024-07-18,139712.29044089475,42377.26911787513
2024-07-19,137792.25422506707,42055.65544611666
2024-07-22,140164.12258972463,42528.29616839759
2024-07-23,138928.20862612323,42355.71422304867
2024-07-24,130519.03106114239,40511.63751360012
2024-07-25,128727.96116105601,40160.6227889087
2024-07-26,128906.19898256418,40145.6227889087
2024-07-29,128993.5045018653,40145.6227889087
2024-07-30,127037.51379123291,40039.427966226605
2024-07-31,131740.83355225596,40241.54946144624
2024-08-01,128654.69591664009,40224.04946144624
2024-08-02,133013.2740049805,41617.385024085444
2024-08-05,136840.64063484155,41612.385024085444
2024-08-06,136371.10436294356,42516.40423832154
2024-08-07,135233.6336044568,42516.40423832154
2024-08-08,136182.75874364143,42516.40423832154
2024-08-09,134909.29507994896,42516.40423832154
2024-08-12,134937.81062221713,42516.40423832154
2024-08-13,136947.93455261417,42603.71323234385
2024-08-14,135649.98206699025,42115.25207676394
2024-08-15,140593.9595467812,42736.00184666356
2024-08-16,140477.40537129587,42768.183549440335
2024-08-19,143893.53079271677,43100.70268169317
2024-08-20,143806.17304620758,43056.19118647519
2024-08-21,145973.03315019488,43325.078694375145
2024-08-22,141533.85386848214,42895.13972021275
2024-08-23,143539.20976532728,43172.300215165626
2024-08-26,140186.48939061657,42916.657238884305
2024-08-27,140740.1043328774,43076.78533370503
2024-08-28,138456.70186455324,42788.837208795805
2024-08-29,137323.530535626,42822.49679699207
2024-08-30,139864.12337989942,43125.15572416352
2024-09-03,138718.6296170456,42368.72476449863
2024-09-04,138900.40620789974,42390.231372119706
2024-09-05,137450.5374958986,41959.5720736385
2024-09-06,136473.6898811855,41515.39269497048
2024-09-09,134201.73525110242,40949.00794788597
2024-09-10,134304.9356991268,41084.16672299562
2024-09-11,134690.81274490498,41477.961049443824
2024-09-12,134909.11318314032,41686.571713642166
2024-09-13,134958.7949545207,41764.205847119236
2024-09-16,134743.0592888979,41633.631503371435
2024-09-17,134904.30794730745,41684.69393950537
2024-09-18,134761.45883382446,41572.15653239584
2024-09-19,136115.36068421663,42336.52486652794
2024-09-20,135975.33743956176,42272.72176664256
2024-09-23,136076.7395592226,42341.61862112932
2024-09-24,136506.63486430806,42547.308411465514
2024-09-25,136631.39509460394,42622.4948833865
2024-09-26,136576.39509460394,42797.455990388364
2024-09-27,136576.39509460394,42613.604482941526
2024-09-30,136576.39509460394,42688.00321056999
2024-10-01,136504.0181625698,42258.139959940665
2024-10-02,136524.10541541417,42307.587199699876
2024-10-03,137922.21732100222,42636.8297792656
2024-10-04,138217.02645198166,43038.585445859855
2024-10-07,138162.02645198166,42709.99857936026
2024-10-08,138379.70764791538,43161.81475480606
2024-10-09,138347.20764791538,43360.495171657516
2024-10-10,138347.20764791538,43334.067459275364
2024-10-11,138347.20764791538,43374.500947349705
2024-10-14,138347.20764791538,43607.608511289785
2024-10-15,138060.70201838977,43172.57490007795
2024-10-16,138220.11947105968,43231.83721700523
2024-10-17,138360.65327223457,43300.77162811843
2024-10-18,138542.83681592444,43541.13457841983
2024-10-21,138512.83681592444,43576.977531551085
2024-10-22,138564.23456322477,43622.63640160689
2024-10-23,138291.53753395783,43131.64744675676
2024-10-24,138557.91240897326,43412.194308839295
2024-10-25,138664.32397157335,43573.163347830254
2024-10-28,138634.32397157335,43588.923393879646
2024-10-29,138783.5317205839,43877.97882316577
2024-10-30,138753.5317205839,43661.93425277671
2024-10-31,138753.5317205839,42938.07796699327
2024-11-01,138753.5317205839,43152.40204636584
2024-11-04,138682.22405400587,43056.834678493105
2024-11-05,137994.2910892939,43211.48021938404
2024-11-06,136945.2802396831,43655.931314108515
2024-11-07,136929.2802396831,44036.302070904705
2024-11-08,136929.2802396831,44028.802070904705
2024-11-11,136929.2802396831,44028.802070904705
2024-11-12,137033.12322139269,44061.59459144456
2024-11-13,137117.92969481237,44088.37558305078
2024-11-14,137065.80624443744,44071.91554609028
2024-11-15,135887.46614276338,43699.80814556163
2024-11-18,137111.7783617688,44086.4330568265
2024-11-19,137287.713049873,44135.271539141984
2024-11-20,137441.22224276446,44179.13130853955
2024-11-21,137388.72224276446,44164.13130853955
2024-11-22,137388.72224276446,44164.13130853955
2024-11-25,137388.72224276446,44164.13130853955
2024-11-26,137596.6340066175,44226.50483769547
2024-11-27,137546.4285663329,44211.443205610085
2024-11-29,137909.23323551897,44320.28460636591
2024-12-02,137859.23323551897,44305.28460636591
2024-12-03,138003.3709857132,44350.801790637764
2024-12-04,138235.731735441,44424.17886949917
2024-12-05,138188.231735441,44409.17886949917
2024-12-06,138188.231735441,44409.17886949917
2024-12-09,136558.76930972905,43322.89428226347
2024-12-10,135482.43418789885,43124.75070646476
2024-12-11,140340.49583304717,44062.12480853042
2024-12-12,138492.11650689933,43720.83399997296
2024-12-13,140610.9060067352,44103.037361033894
2024-12-16,145034.61590607595,44832.85369365945
2024-12-17,143888.4853993445,44583.19325307245
2024-12-18,136072.9696582534,42479.134406523204
2024-12-19,137201.97065965494,41963.93774409761
2024-12-20,135844.17800555483,41836.06569841661
2024-12-23,137091.5618490219,42127.12739836608
2024-12-24,140010.68978217032,42752.604246130155
2024-12-26,139749.98356462334,42700.57781686848
2024-12-27,136377.92938442703,42078.12187656143
2024-12-30,133398.56936554625,41522.42351969119
2024-12-31,129099.19836102503,41099.931925869496
2025-01-02,129062.58562211556,41121.87044454241
2025-01-03,130879.57170839976,41409.605290988526
2025-01-06,133477.7144230665,41889.84805690373
2025-01-07,129920.84785548803,41280.41387106239
2025-01-08,129877.42692418677,41286.432996314834
2025-01-10,128269.35992867114,41102.9128391938
2025-01-13,127069.8138097324,40900.62924260813
2025-01-14,126007.46338803868,40656.71952828106
2025-01-15,128433.25797736042,41073.530543557536
2025-01-16,126938.51130273365,40803.062961655894
2025-01-17,130727.79032985246,41506.60099295187
2025-01-21,131545.90755739564,41673.718544095354
2025-01-22,135561.4580585815,42341.17303232308
2025-01-23,136193.20490701759,42445.53483274885
2025-01-24,134089.35316291786,42115.3002141316
2025-01-27,126334.43363618157,40846.1546858081
2025-01-28,129553.94325149251,41446.13217613324
2025-01-29,128876.33280996732,41334.13226087216
2025-01-30,129755.91754737492,41492.98639417104
2025-01-31,129280.57203274615,41425.7563911431
2025-02-03,129232.69760613645,41133.44402434012
2025-02-04,128552.36784695434,41430.78879943016
2025-02-05,127966.4760004708,41416.8278565165
2025-02-06,127875.28005226889,41662.872761138686
2025-02-07,128200.22755259056,41116.0344816676
2025-02-10,127861.12303465855,41588.07690012139
2025-02-11,127916.97050146657,41482.85858746611
2025-02-12,127990.48873029699,41527.74708765958
2025-02-13,128089.29171423662,42343.98821341745
2025-02-14,128008.90410804287,42571.9371076011
2025-02-18,127990.90410804287,42682.07148780307
2025-02-19,127990.90410804287,42683.9766249081
2025-02-20,127990.90410804287,42427.22345503401
2025-02-21,127990.90410804287,41246.39587564458
2025-02-24,127990.90410804287,40602.306563249935
2025-02-25,127924.15422951059,39957.21529572532
2025-02-26,128044.95105463016,40077.28808538377
2025-02-27,127225.85153227551,38693.24047305412
2025-02-28,127200.85153227551,38670.74047305412
2025-03-03,127200.85153227551,38670.74047305412
2025-03-04,127678.86285239607,38807.72608950853
2025-03-05,126861.71968793464,38566.923823885
2025-03-06,128514.5752196138,39040.23969007905
2025-03-07,132528.67194818397,40043.26387222159
2025-03-10,132528.67194818397,40043.26387222159
2025-03-11,132630.4120147123,40072.48153884757
2025-03-12,132317.41056512733,39980.42228896964
2025-03-13,132807.22098993202,40124.48417861808
2025-03-14,134261.45086012332,40697.974664846224
2025-03-17,134260.45086012332,40696.974664846224
2025-03-18,134260.45086012332,40696.974664846224
2025-03-19,134260.45086012332,40696.974664846224
2025-03-20,134260.45086012332,40696.974664846224
2025-03-21,134260.45086012332,40696.974664846224
2025-03-24,134260.45086012332,40696.974664846224
2025-03-25,134260.45086012332,40696.974664846224
2025-03-26,134260.45086012332,40696.974664846224
2025-03-27,134260.45086012332,40696.974664846224
2025-03-28,134260.45086012332,40696.974664846224
2025-03-31,134260.45086012332,40696.974664846224
2025-04-01,134260.45086012332,40696.974664846224
2025-04-02,134260.45086012332,40696.974664846224
2025-04-03,134260.45086012332,40696.974664846224
2025-04-04,135487.6545039221,41068.15758720949
2025-04-07,133625.23819431057,40495.245356859516
2025-04-08,134064.44243320217,40628.33755046303
2025-04-09,131132.7537735342,39739.947047533344
2025-04-10,131749.20863803616,39926.751551927875
2025-04-11,131437.06064304104,39832.1612504142
2025-04-14,131316.2790115713,39795.56075602944
2025-04-15,135169.6512480583,40951.52013968306
2025-04-16,135671.5990935173,41103.6255473979
2025-04-17,135687.28486927412,41108.37881277876
2025-04-21,136134.33174427412,41243.84756277876
2025-04-22,133621.27551295573,40488.404886193304
2025-04-23,137333.4118938538,41488.82744586295
2025-04-24,136856.56149102177,41344.32732379264
2025-04-25,136855.56149102177,41343.32732379264
2025-04-28,136855.56149102177,41343.32732379264
2025-04-29,136855.56149102177,41343.32732379264
2025-04-30,136855.56149102177,41343.32732379264
2025-05-01,136855.56149102177,41343.32732379264
2025-05-02,136855.56149102177,41343.32732379264
2025-05-05,136855.56149102177,41343.32732379264
2025-05-06,136855.56149102177,41343.32732379264
2025-05-07,136855.56149102177,41343.32732379264
2025-05-08,136855.56149102177,41343.32732379264
2025-05-09,136855.56149102177,41343.32732379264
2025-05-12,136855.56149102177,41343.32732379264
2025-05-13,122099.23598287751,37044.04503197226
2025-05-14,122310.02415068298,37189.95554006272
2025-05-15,122316.57102628364,37217.52769706509
2025-05-16,122454.35786047619,37325.12497436921
2025-05-19,122508.72825647844,37346.03853458369
2025-05-20,122372.8254198858,37256.35856854009
2025-05-21,121748.55155872589,36858.71772119149
2025-05-22,122005.99284373994,36960.84280920866
2025-05-23,121664.80141154633,36731.57700452452
2025-05-27,122680.61811586772,37358.38267874019
2025-05-28,122473.9807522706,37232.0209848643
2025-05-29,122542.36343435795,37282.639977743835
2025-05-30,122443.93509719984,37236.52016522659
2025-06-02,122744.48028747382,37443.06229437684
2025-06-03,122893.55732421113,37611.41209590501
2025-06-04,122881.11388154836,37649.80311711786
2025-06-05,123115.16668539276,37588.05159696267
2025-06-06,122433.78955801467,37571.61742434561
2025-06-09,122520.50100747692,37615.616443591534
2025-06-10,123180.33683421533,37904.804855741866
2025-06-11,123417.46234112822,37875.31635616811
2025-06-12,123902.12915679775,38064.06510248049
2025-06-13,126520.53243366306,38428.93547864525
2025-06-16,126499.53243366306,38818.439189683646
2025-06-17,126231.63952303935,38446.4625305361
2025-06-18,126392.2333019468,38494.850834009805
2025-06-20,126487.6452972735,38390.86600340278
2025-06-23,126732.94160761691,38748.82005283053
2025-06-24,126908.92506418511,39273.974388535
2025-06-25,126881.42506418511,39360.44144187517
2025-06-26,126881.42506418511,39631.03801768816
2025-06-27,126881.42506418511,39737.576503625525
2025-06-30,126881.42506418511,39914.68610295013
2025-07-01,126689.51677837693,39606.3034931805
2025-07-02,126936.5995202049,39890.03638124911
2025-07-03,126920.48505876673,40167.52870897591
2025-07-07,127988.7925181431,40231.35530258148
2025-07-08,127037.04845192278,40002.968166021514
2025-07-09,126651.84459609208,40112.07937550013
2025-07-10,126189.89679958182,40018.68104619612
2025-07-11,126271.47359281594,40048.14838667862
2025-07-14,127482.02930461202,40246.6266014454
2025-07-15,127755.16033105606,40292.730779467915
2025-07-16,127749.67771837051,40305.5449905647
2025-07-17,128583.4857730506,40368.69096830147
2025-07-18,128200.66077948625,40329.30059116842
2025-07-21,129101.88616520635,40302.09483353782
2025-07-22,127669.73708068341,40230.824917802616
2025-07-23,128186.28477754623,40188.19524901542
2025-07-24,128575.21440914854,39750.43885991806
2025-07-25,128897.84023015732,39781.31043901027
2025-07-28,129471.61108313708,39845.3414694666
2025-07-29,129355.64930005738,39847.304520079815
2025-07-30,129379.37324656374,39837.616539180024
2025-07-31,128522.03287079863,39759.23006735094
2025-08-01,128091.51224521082,40162.46184239375
2025-08-04,129354.02527486216,40073.2595131866
2025-08-05,127734.40162617537,39858.23083699204
2025-08-06,130486.62419389647,40240.648286724405
2025-08-07,131159.45716966063,40308.30795785573
2025-08-08,133098.7407685652,40522.73474962342
2025-08-11,132315.6884985072,40424.5696493438
2025-08-12,135398.3878117093,40799.84128660799
2025-08-13,135517.06825537077,40815.83334796008
2025-08-14,135252.00751601774,40782.062311259164
2025-08-15,134083.57250579234,40642.50363911994
2025-08-18,133924.4991546535,40626.204562495885
2025-08-19,130377.86639903602,40205.872660844456
2025-08-20,127712.28630171313,39846.19448114894
2025-08-21,125996.56615672549,39618.44977369158
2025-08-22,132161.747651854,40438.93203639906
2025-08-25,130611.99962249713,40244.807122964085
2025-08-26,132598.64006335428,40491.514214209186
2025-08-27,133310.09624886204,40570.6043981694
2025-08-28,136413.07760570338,40956.33722087103
2025-08-29,130492.53512769198,40225.6291985795
2025-09-02,126643.62040352206,39747.74232031973
2025-09-03,129464.24914891929,40003.499427777686
2025-09-04,133245.49512374596,40363.43000629497
2025-09-05,133801.78877374204,40405.259623229096
2025-09-08,134663.09378590508,40656.00284246612
2025-09-09,135360.45145351894,40834.14810197921
2025-09-10,135638.05005591517,40900.31353305616
2025-09-11,136791.43140321114,41201.02528021431
2025-09-12,137939.0479000736,41469.51305497479
2025-09-15,140486.97562989718,42027.13541844071
2025-09-16,140518.23325766914,42025.586348483936
2025-09-17,139463.2462245377,41798.48629793399
2025-09-18,141992.70458202518,42368.46647583413
2025-09-19,143440.74814437827,42777.75735490344
2025-09-22,144986.81210836428,43120.45596297417
2025-09-23,143363.6997511195,42664.09271309385
2025-09-24,142140.55007773303,42423.60777603383
2025-09-25,141274.88533268886,42137.10668122513
2025-09-26,141749.4495544313,42474.86757839584
2025-09-29,143219.65653418933,43141.56495383211
2025-09-30,143908.47872168123,43308.47062631278
2025-10-01,145222.5013259154,43642.38284731272
2025-10-02,146652.6840701063,43978.356637548524
2025-10-03,145502.1395412847,43717.74192949074
2025-10-06,146769.39370682504,44058.809755639995
2025-10-07,146195.30005478833,43901.648449825116
2025-10-08,148428.08291574114,44460.791706143966
2025-10-09,148108.3423343768,44396.92379517804
2025-10-10,150161.1192586054,44769.98776834363
2025-10-13,153840.63951849233,46131.15915807457
2025-10-14,152609.21291538698,45637.38966291255
2025-10-15,154317.33318611266,46124.899299965036
2025-10-16,154734.01161843762,45758.0452323905
2025-10-17,155076.4840374554,46353.2515178449
2025-10-20,157618.584494184,47232.11563935435
2025-10-21,157488.32370570072,47248.199896297236
2025-10-22,154770.96742847146,46601.547890780304
2025-10-23,157079.28204592876,47235.01082526349
2025-10-24,159972.50252938882,47894.63203377076
2025-10-27,165286.79070331575,48435.75274646286
2025-10-28,167904.70713917533,48153.43131923418
2025-10-29,169377.88431321122,45229.84081779747
2025-10-30,164986.39198549255,44741.04284150161
2025-10-31,166429.4441570898,44893.412335170106
2025-11-03,167454.78513420973,45031.23026691165
2025-11-04,164186.33026099045,44784.55645781094
2025-11-05,165820.03303629492,45093.54387375771
2025-11-06,160978.59990469724,44344.37556894093
2025-11-07,160650.5027207591,44408.43911034076
2025-11-10,166223.6262717845,45316.90407278489
2025-11-11,165284.30925718375,45221.881733201786
2025-11-12,165265.31807101032,45237.454758642016
2025-11-13,160759.91203276164,44526.86450349125
2025-11-14,161060.74303393488,44619.86192510652
2025-11-17,160773.6024922358,44604.539915993635
2025-11-18,159289.6683503853,44330.38207289474
2025-11-19,159971.18091747092,44494.89931885829
2025-11-20,156517.51653458463,43887.186389657705
2025-11-21,156515.32362041285,44034.28141390631
2025-11-24,159692.34866066917,44612.05172619594
2025-11-25,159981.32342646673,44719.62536741734
2025-11-26,161420.66424654468,44962.92496953372
2025-11-28,162791.26837011994,45155.95215474039
2025-12-01,162072.66181379353,45069.68781632654
2025-12-02,163619.67766470433,45235.96417391928
2025-12-03,163860.74162527072,45247.02151679865
2025-12-04,163034.53397027636,45113.086779268684
2025-12-05,163783.3406817422,45168.75434988848
2025-12-08,164211.97154109724,45351.0596102433
2025-12-09,165036.02822545846,45513.29009979233
2025-12-10,165166.01750934022,45443.436892344354
2025-12-11,163149.73988528503,45140.9884649993
2025-12-12,153089.45723268975,43508.83486282345
2025-12-15,151138.73943883245,44367.77114578917
2025-12-16,151875.4709707583,44469.49938625403
2025-12-17,144500.19878195733,43554.23877683006
2025-12-18,149557.5424230222,44190.809018780674
2025-12-19,153751.5303870429,44689.09740499518
2025-12-22,154965.30663233087,44879.33466986259
2025-12-23,157869.8325300294,45213.22655866264
2025-12-24,159130.82693285015,45380.67181463398
2025-12-26,158870.47045502736,45360.84879697934
2025-12-29,157309.52716102483,45004.86807644667
2025-12-30,156562.42725005507,44831.090073257044
2025-12-31,154370.544404196,44272.17710107372
2026-01-02,152727.28705009323,44705.28198930612
2026-01-05,157032.52960685836,45235.160843440666
2026-01-06,162042.37694713182,45852.35597980424
2026-01-07,162914.0774733771,45923.22129129789
2026-01-08,159346.2459281618,45505.940558890376
2026-01-09,164664.32605813368,46201.48175935076
2026-01-12,165212.1015841691,46253.11409669813
2026-01-13,164633.99722356736,46144.559177343304
2026-01-14,158633.6745190681,45403.35490634282
2026-01-15,159837.47963932174,45610.73285645743
2026-01-16,158993.76107073383,45519.45391330896
2026-01-20,150374.65949703765,44285.99874195977
2026-01-21,154251.04634402806,44944.11003521165
2026-01-22,157550.37948961472,45425.52865330651
2026-01-23,159624.41974524938,45659.500666935644
2026-01-26,161976.22405596287,45967.53466179315
2026-01-27,167808.47231887688,46637.0925541227
2026-01-28,170057.66510197037,46900.49884489704
2026-01-29,165899.48889963343,46419.37952845649
2026-01-30,158271.6029258045,45519.732464761546
2026-02-02,161648.23912824295,45645.90041677056
2026-02-03,153840.82364692,44903.95405412038
2026-02-04,142845.41268291944,43297.52675077444
2026-02-05,138665.59520468363,43017.66149315513
2026-02-06,146920.69909060016,43519.524111722385
2026-02-09,147519.42585780786,43638.14812705073
2026-02-10,146219.994296091,43484.361021356555
2026-02-11,147013.40374925328,43609.182716343064
2026-02-12,142067.90560217333,42922.78490494376
2026-02-13,142685.617938488,43051.83223056008
2026-02-17,142309.2328808062,43111.64108311971
2026-02-18,143703.02347991185,43279.439322485996
2026-02-19,142879.58177674722,43187.81332208642
2026-02-20,144643.7097799847,43401.77193224981
2026-02-23,141653.08389191862,43072.83563440271
2026-02-24,143979.33939667145,43383.99269893632
2026-02-25,147659.27999957977,43794.424578895305
2026-02-26,144070.09854187176,43403.25941577731
2026-02-27,143305.1734104473,43324.03999325205
2026-03-02,143215.1734104473,43378.954979891554
2026-03-03,144571.75166420697,43537.80048077431
2026-03-04,144961.02877197685,43980.63388472115
2026-03-05,144938.52877197685,43953.84715554653
2026-03-06,144938.52877197685,43701.47971319
2026-03-09,149348.64655431683,43889.88354476715
2026-03-10,149396.9699580372,43876.94088703851
2026-03-11,149450.09631764347,43847.10339776468
2026-03-12,149437.59631764347,43422.89569111625
2026-03-13,149437.59631764347,43236.7977660229
2026-03-16,149437.59631764347,43229.2977660229
2026-03-17,149602.77283241137,43278.85072045327
2026-03-18,149577.77283241137,43271.35072045327
2026-03-19,149577.77283241137,43271.35072045327
