date,net_liq,cash,tqqq_shares,open_puts,open_calls,tqqq_price,vix,above_sma200,total_return_pct
2019-01-02,25000.0,25000.0,0,0,0,4.49,23.2,0,0.0
2019-01-03,25000.0,25000.0,0,0,0,4.05,25.5,0,0.0
2019-01-04,25000.0,25000.0,0,0,0,4.57,21.4,0,0.0
2019-01-07,25000.0,25000.0,0,0,0,4.72,21.4,0,0.0
2019-01-08,25000.0,25000.0,0,0,0,4.86,20.5,0,0.0
2019-01-09,25000.0,25000.0,0,0,0,4.97,20.0,0,0.0
2019-01-10,25000.0,25000.0,0,0,0,5.02,19.5,0,0.0
2019-01-11,25000.0,25000.0,0,0,0,4.96,18.2,0,0.0
2019-01-14,25000.0,25000.0,0,0,0,4.83,19.1,0,0.0
2019-01-15,25000.0,25000.0,0,0,0,5.1,18.6,0,0.0
2019-01-16,25000.0,25000.0,0,0,0,5.1,19.0,0,0.0
2019-01-17,25000.0,25000.0,0,0,0,5.22,18.1,0,0.0
2019-01-18,25000.0,25000.0,0,0,0,5.37,17.8,0,0.0
2019-01-22,25000.0,25000.0,0,0,0,5.07,20.8,0,0.0
2019-01-23,25000.0,25000.0,0,0,0,5.08,19.5,0,0.0
2019-01-24,25000.0,25000.0,0,0,0,5.16,18.9,0,0.0
2019-01-25,25000.0,25000.0,0,0,0,5.35,17.4,0,0.0
2019-01-28,25000.0,25000.0,0,0,0,5.15,18.9,0,0.0
2019-01-29,25000.0,25000.0,0,0,0,5.01,19.1,0,0.0
2019-01-30,25000.0,25000.0,0,0,0,5.38,17.7,0,0.0
2019-01-31,25000.0,25000.0,0,0,0,5.62,16.6,0,0.0
2019-02-01,25000.0,25000.0,0,0,0,5.55,16.1,0,0.0
2019-02-04,25000.0,25000.0,0,0,0,5.75,15.7,0,0.0
2019-02-05,25000.0,25000.0,0,0,0,5.9,15.6,0,0.0
2019-02-06,25000.0,25000.0,0,0,0,5.85,15.4,0,0.0
2019-02-07,25000.0,25000.0,0,0,0,5.62,16.4,0,0.0
2019-02-08,25000.0,25000.0,0,0,0,5.64,15.7,0,0.0
2019-02-11,25000.0,25000.0,0,0,0,5.63,16.0,0,0.0
2019-02-12,25000.0,25000.0,0,0,0,5.87,15.4,0,0.0
2019-02-13,25000.0,25000.0,0,0,0,5.89,15.6,0,0.0
2019-02-14,25000.0,25000.0,0,0,0,5.91,16.2,0,0.0
2019-02-15,25000.0,25000.0,0,0,0,5.98,14.9,0,0.0
2019-02-19,25000.0,25000.0,0,0,0,6.01,14.9,0,0.0
2019-02-20,25000.0,25000.0,0,0,0,6.01,14.0,0,0.0
2019-02-21,25000.0,25000.0,0,0,0,5.94,14.5,0,0.0
2019-02-22,25000.0,25000.0,0,0,0,6.07,13.5,0,0.0
2019-02-25,25000.0,25000.0,0,0,0,6.14,14.9,0,0.0
2019-02-26,25000.0,25000.0,0,0,0,6.16,15.2,0,0.0
2019-02-27,25000.0,25000.0,0,0,0,6.14,14.7,0,0.0
2019-02-28,25000.0,25000.0,0,0,0,6.1,14.8,0,0.0
2019-03-01,25000.0,25000.0,0,0,0,6.22,13.6,0,0.0
2019-03-04,25000.0,25000.0,0,0,0,6.22,14.6,0,0.0
2019-03-05,25000.0,25000.0,0,0,0,6.24,14.7,0,0.0
2019-03-06,25000.0,25000.0,0,0,0,6.13,15.7,0,0.0
2019-03-07,25000.0,25000.0,0,0,0,5.91,16.6,0,0.0
2019-03-08,25000.0,25000.0,0,0,0,5.87,16.0,0,0.0
2019-03-11,25000.0,25000.0,0,0,0,6.24,14.3,0,0.0
2019-03-12,25000.0,25000.0,0,0,0,6.34,13.8,0,0.0
2019-03-13,25000.0,25000.0,0,0,0,6.48,13.4,0,0.0
2019-03-14,25000.0,25000.0,0,0,0,6.45,13.5,0,0.0
2019-03-15,25000.0,25000.0,0,0,0,6.61,12.9,0,0.0
2019-03-18,5558.24,5575.06,0,1,0,6.67,13.1,1,-77.77
2019-03-19,24992.11,24992.11,0,0,0,6.74,13.6,1,-0.03
2019-03-20,24992.11,24992.11,0,0,0,6.82,13.9,1,-0.03
2019-03-21,24992.11,24992.11,0,0,0,7.13,13.6,1,-0.03
2019-03-22,24992.11,24992.11,0,0,0,6.66,16.5,1,-0.03
2019-03-25,24992.11,24992.11,0,0,0,6.62,16.3,0,-0.03
2019-03-26,24992.11,24992.11,0,0,0,6.71,14.7,1,-0.03
2019-03-27,24992.11,24992.11,0,0,0,6.58,15.1,0,-0.03
2019-03-28,24992.11,24992.11,0,0,0,6.62,14.4,1,-0.03
2019-03-29,24992.11,24992.11,0,0,0,6.77,13.7,1,-0.03
2019-04-01,5101.21,5175.25,0,1,0,7.04,13.4,1,-79.6
2019-04-02,25021.72,25021.72,0,0,0,7.12,13.4,1,0.09
2019-04-03,25021.72,25021.72,0,0,0,7.24,13.7,1,0.09
2019-04-04,25021.72,25021.72,0,0,0,7.23,13.6,1,0.09
2019-04-05,25021.72,25021.72,0,0,0,7.34,12.8,1,0.09
2019-04-08,5473.97,5504.12,0,1,0,7.4,13.2,1,-78.1
2019-04-09,5479.91,5504.12,0,1,0,7.31,14.3,1,-78.08
2019-04-10,25018.42,25018.42,0,0,0,7.43,13.3,1,0.07
2019-04-11,25018.42,25018.42,0,0,0,7.38,13.0,1,0.07
2019-04-12,25018.42,25018.42,0,0,0,7.47,12.0,1,0.07
2019-04-15,5265.61,5451.01,0,1,0,7.47,12.3,1,-78.94
2019-04-16,25064.41,25064.41,0,0,0,7.55,12.2,1,0.26
2019-04-17,25064.41,25064.41,0,0,0,7.62,12.6,1,0.26
2019-04-18,25064.41,25064.41,0,0,0,7.65,12.1,1,0.26
2019-04-22,5404.99,5417.62,0,1,0,7.71,12.4,1,-78.38
2019-04-23,25063.71,25063.71,0,0,0,8.0,12.3,1,0.25
2019-04-24,25063.71,25063.71,0,0,0,7.93,13.1,1,0.25
2019-04-25,25063.71,25063.71,0,0,0,8.01,13.2,1,0.25
2019-04-26,25063.71,25063.71,0,0,0,8.04,12.7,1,0.25
2019-04-29,5179.02,5196.3,0,1,0,8.09,13.1,1,-79.28
2019-04-30,5170.72,5196.3,0,1,0,7.9,13.1,1,-79.32
2019-05-01,25025.72,25025.72,0,0,0,7.81,14.8,1,0.1
2019-05-02,25025.72,25025.72,0,0,0,7.71,14.4,1,0.1
2019-05-03,25025.72,25025.72,0,0,0,8.08,12.9,1,0.1
2019-05-06,5507.28,5544.98,0,1,0,7.93,15.4,1,-77.97
2019-05-07,24863.6,24863.6,0,0,0,7.47,19.3,1,-0.55
2019-05-08,24863.6,24863.6,0,0,0,7.41,19.4,1,-0.55
2019-05-09,24863.6,24863.6,0,0,0,7.29,19.1,1,-0.55
2019-05-10,24863.6,24863.6,0,0,0,7.31,16.0,1,-0.55
2019-05-13,24863.6,24863.6,0,0,0,6.55,20.5,0,-0.55
2019-05-14,24863.6,24863.6,0,0,0,6.76,18.1,1,-0.55
2019-05-15,24863.6,24863.6,0,0,0,7.04,16.4,1,-0.55
2019-05-16,24863.6,24863.6,0,0,0,7.26,15.3,1,-0.55
2019-05-17,24863.6,24863.6,0,0,0,7.03,16.0,1,-0.55
2019-05-20,5375.41,5551.19,0,1,0,6.68,16.3,1,-78.5
2019-05-21,25041.06,25041.06,0,0,0,6.88,14.9,1,0.16
2019-05-22,25041.06,25041.06,0,0,0,6.79,14.8,1,0.16
2019-05-23,25041.06,25041.06,0,0,0,6.47,16.9,0,0.16
2019-05-24,25041.06,25041.06,0,0,0,6.46,15.9,0,0.16
2019-05-28,25041.06,25041.06,0,0,0,6.39,17.5,0,0.16
2019-05-29,25041.06,25041.06,0,0,0,6.23,17.9,0,0.16
2019-05-30,25041.06,25041.06,0,0,0,6.31,17.3,0,0.16
2019-05-31,25041.06,25041.06,0,0,0,6.0,18.7,0,0.16
2019-06-03,25041.06,25041.06,0,0,0,5.62,18.9,0,0.16
2019-06-04,25041.06,25041.06,0,0,0,6.08,17.0,0,0.16
2019-06-05,25041.06,25041.06,0,0,0,6.21,16.1,0,0.16
2019-06-06,25041.06,25041.06,0,0,0,6.35,15.9,0,0.16
2019-06-07,25041.06,25041.06,0,0,0,6.71,16.3,1,0.16
2019-06-10,5376.1,5686.01,0,1,0,6.96,15.9,1,-78.5
2019-06-11,25192.92,25192.92,0,0,0,6.99,16.0,1,0.77
2019-06-12,25192.92,25192.92,0,0,0,6.87,15.9,1,0.77
2019-06-13,25192.92,25192.92,0,0,0,6.98,15.8,1,0.77
2019-06-14,25192.92,25192.92,0,0,0,6.89,15.3,1,0.77
2019-06-17,5372.84,5545.06,0,1,0,7.01,15.4,1,-78.51
2019-06-18,25400.86,25400.86,0,0,0,7.32,15.1,1,1.6
2019-06-19,25400.86,25400.86,0,0,0,7.4,14.3,1,1.6
2019-06-20,25400.86,25400.86,0,0,0,7.61,14.8,1,1.6
2019-06-21,25400.86,25400.86,0,0,0,7.57,15.4,1,1.6
2019-06-24,5392.51,5522.96,0,1,0,7.57,15.3,1,-78.43
2019-06-25,5242.39,5522.96,0,1,0,7.18,16.3,1,-79.03
2019-06-26,5390.94,5522.96,0,1,0,7.27,16.2,1,-78.44
2019-06-27,25549.77,25549.77,0,0,0,7.35,15.8,1,2.2
2019-06-28,25549.77,25549.77,0,0,0,7.38,15.1,1,2.2
2019-07-01,5257.49,5327.23,0,1,0,7.68,14.1,1,-78.97
2019-07-02,25581.61,25581.61,0,0,0,7.77,12.9,1,2.33
2019-07-03,25581.61,25581.61,0,0,0,7.94,12.6,1,2.33
2019-07-05,25581.61,25581.61,0,0,0,7.89,13.3,1,2.33
2019-07-08,5163.66,5192.14,0,1,0,7.73,14.0,1,-79.35
2019-07-09,25569.31,25569.31,0,0,0,7.84,14.1,1,2.28
2019-07-10,25569.31,25569.31,0,0,0,8.07,13.0,1,2.28
2019-07-11,25569.31,25569.31,0,0,0,8.05,12.9,1,2.28
2019-07-12,25569.31,25569.31,0,0,0,8.19,12.4,1,2.28
2019-07-15,5261.82,5281.89,0,1,0,8.26,12.7,1,-78.95
2019-07-16,25531.69,25531.69,0,0,0,8.14,12.9,1,2.13
2019-07-17,25531.69,25531.69,0,0,0,8.02,14.0,1,2.13
2019-07-18,25531.69,25531.69,0,0,0,8.05,13.5,1,2.13
2019-07-19,25531.69,25531.69,0,0,0,7.86,14.4,1,2.13
2019-07-22,5746.73,5767.08,0,1,0,8.04,13.5,1,-77.01
2019-07-23,25525.82,25525.82,0,0,0,8.2,12.6,1,2.1
2019-07-24,25525.82,25525.82,0,0,0,8.37,12.1,1,2.1
2019-07-25,25525.82,25525.82,0,0,0,8.14,12.7,1,2.1
2019-07-26,25525.82,25525.82,0,0,0,8.38,12.2,1,2.1
2019-07-29,5119.8,5135.59,0,1,0,8.3,12.8,1,-79.52
2019-07-30,25497.3,25497.3,0,0,0,8.19,13.9,1,1.99
2019-07-31,25497.3,25497.3,0,0,0,7.84,16.1,1,1.99
2019-08-01,25497.3,25497.3,0,0,0,7.73,17.9,1,1.99
2019-08-02,25497.3,25497.3,0,0,0,7.38,17.6,1,1.99
2019-08-05,5633.44,5827.39,0,1,0,6.6,24.6,1,-77.47
2019-08-06,25722.87,25722.87,0,0,0,6.88,20.2,1,2.89
2019-08-07,25722.87,25722.87,0,0,0,6.98,19.5,1,2.89
2019-08-08,25722.87,25722.87,0,0,0,7.44,16.9,1,2.89
2019-08-09,25722.87,25722.87,0,0,0,7.22,18.0,1,2.89
2019-08-12,5378.31,5567.35,0,1,0,6.98,21.1,1,-78.49
2019-08-13,25989.85,25989.85,0,0,0,7.43,17.5,1,3.96
2019-08-14,25989.85,25989.85,0,0,0,6.77,22.1,1,3.96
2019-08-15,25989.85,25989.85,0,0,0,6.74,21.2,1,3.96
2019-08-16,25989.85,25989.85,0,0,0,7.05,18.5,1,3.96
2019-08-19,5813.73,6153.89,0,1,0,7.38,16.9,1,-76.75
2019-08-20,5822.02,6153.89,0,1,0,7.23,17.5,1,-76.71
2019-08-21,26364.46,26364.46,0,0,0,7.41,15.8,1,5.46
2019-08-22,26364.46,26364.46,0,0,0,7.34,16.7,1,5.46
2019-08-23,26364.46,26364.46,0,0,0,6.67,19.9,1,5.46
2019-08-26,5495.41,5920.92,0,1,0,6.94,19.3,1,-78.02
2019-08-27,5586.88,5920.92,0,1,0,6.9,20.3,1,-77.65
2019-08-28,26816.13,26816.13,0,0,0,6.97,19.4,1,7.26
2019-08-29,26816.13,26816.13,0,0,0,7.28,17.9,1,7.26
2019-08-30,26816.13,26816.13,0,0,0,7.23,19.0,1,7.26
2019-09-03,26816.13,26816.13,0,0,0,7.02,19.7,1,7.26
2019-09-04,26816.13,26816.13,0,0,0,7.32,17.3,1,7.26
2019-09-05,26816.13,26816.13,0,0,0,7.72,16.3,1,7.26
2019-09-06,26816.13,26816.13,0,0,0,7.7,15.0,1,7.26
2019-09-09,5902.44,6195.32,0,1,0,7.65,15.3,1,-76.39
2019-09-10,5961.39,6195.32,0,1,0,7.59,15.2,1,-76.15
2019-09-11,27204.45,27204.45,0,0,0,7.79,14.6,1,8.82
2019-09-12,27204.45,27204.45,0,0,0,7.89,14.2,1,8.82
2019-09-13,27204.45,27204.45,0,0,0,7.8,13.7,1,8.82
2019-09-16,5462.11,5613.52,0,1,0,7.7,14.7,1,-78.15
2019-09-17,27312.6,27312.6,0,0,0,7.8,14.4,1,9.25
2019-09-18,27312.6,27312.6,0,0,0,7.79,13.9,1,9.25
2019-09-19,27312.6,27312.6,0,0,0,7.83,14.1,1,9.25
2019-09-20,27312.6,27312.6,0,0,0,7.58,15.3,1,9.25
2019-09-23,5873.78,5912.29,0,1,0,7.59,14.9,1,-76.5
2019-09-24,5815.47,5912.29,0,1,0,7.29,17.0,1,-76.74
2019-09-25,27308.72,27308.72,0,0,0,7.52,16.0,1,9.23
2019-09-26,27308.72,27308.72,0,0,0,7.45,16.1,1,9.23
2019-09-27,27308.72,27308.72,0,0,0,7.18,17.2,1,9.23
2019-09-30,5822.34,5876.54,0,1,0,7.37,16.2,1,-76.71
2019-10-01,5804.88,5876.54,0,1,0,7.19,18.6,1,-76.78
2019-10-02,27082.23,27082.23,0,0,0,6.82,20.6,1,8.33
2019-10-03,27082.23,27082.23,0,0,0,7.05,19.1,1,8.33
2019-10-04,27082.23,27082.23,0,0,0,7.34,17.0,1,8.33
2019-10-07,5867.38,5941.7,0,1,0,7.27,17.9,1,-76.53
2019-10-08,5764.5,5941.7,0,1,0,6.94,20.3,1,-76.94
2019-10-09,27101.28,27101.28,0,0,0,7.15,18.6,1,8.41
2019-10-10,27101.28,27101.28,0,0,0,7.31,17.6,1,8.41
2019-10-11,27101.28,27101.28,0,0,0,7.58,15.6,1,8.41
2019-10-14,5652.35,5746.96,0,1,0,7.59,14.6,1,-77.39
2019-10-15,27199.24,27199.24,0,0,0,7.88,13.5,1,8.8
2019-10-16,27199.24,27199.24,0,0,0,7.82,13.7,1,8.8
2019-10-17,27199.24,27199.24,0,0,0,7.88,13.8,1,8.8
2019-10-18,27199.24,27199.24,0,0,0,7.65,14.2,1,8.8
2019-10-21,5734.0,5845.94,0,1,0,7.85,14.0,1,-77.06
2019-10-22,5716.56,5845.94,0,1,0,7.67,14.5,1,-77.13
2019-10-23,27248.98,27248.98,0,0,0,7.71,14.0,1,9.0
2019-10-24,27248.98,27248.98,0,0,0,7.93,13.7,1,9.0
2019-10-25,27248.98,27248.98,0,0,0,8.11,12.6,1,9.0
2019-10-28,5932.39,6017.08,0,1,0,8.36,13.1,1,-76.27
2019-10-29,5916.02,6017.08,0,1,0,8.16,13.2,1,-76.34
2019-10-30,27306.56,27306.56,0,0,0,8.28,12.3,1,9.23
2019-10-31,27306.56,27306.56,0,0,0,8.28,13.2,1,9.23
2019-11-01,27306.56,27306.56,0,0,0,8.51,12.3,1,9.23
2019-11-04,6002.28,6041.15,0,1,0,8.66,12.8,1,-75.99
2019-11-05,27293.93,27293.93,0,0,0,8.67,13.1,1,9.18
2019-11-06,27293.93,27293.93,0,0,0,8.62,12.6,1,9.18
2019-11-07,27293.93,27293.93,0,0,0,8.7,12.7,1,9.18
2019-11-08,27293.93,27293.93,0,0,0,8.81,12.1,1,9.18
2019-11-11,5733.63,5749.37,0,1,0,8.77,12.7,1,-77.07
2019-11-12,27286.18,27286.18,0,0,0,8.84,12.7,1,9.14
2019-11-13,27286.18,27286.18,0,0,0,8.83,13.0,1,9.14
2019-11-14,27286.18,27286.18,0,0,0,8.82,13.1,1,9.14
2019-11-15,27286.18,27286.18,0,0,0,8.99,12.1,1,9.14
2019-11-18,5889.08,5903.15,0,1,0,9.04,12.5,1,-76.44
2019-11-19,27277.46,27277.46,0,0,0,9.07,12.9,1,9.11
2019-11-20,27277.46,27277.46,0,0,0,8.92,12.8,1,9.11
2019-11-21,27277.46,27277.46,0,0,0,8.85,13.1,1,9.11
2019-11-22,27277.46,27277.46,0,0,0,8.87,12.3,1,9.11
2019-11-25,5552.81,5563.52,0,1,0,9.18,11.9,1,-77.79
2019-11-26,27272.13,27272.13,0,0,0,9.23,11.5,1,9.09
2019-11-27,27272.13,27272.13,0,0,0,9.42,11.8,1,9.09
2019-11-29,27272.13,27272.13,0,0,0,9.29,12.6,1,9.09
2019-12-02,5964.94,6000.23,0,1,0,8.99,14.9,1,-76.14
2019-12-03,5953.76,6000.23,0,1,0,8.79,16.0,1,-76.18
2019-12-04,27274.78,27274.78,0,0,0,8.92,14.8,1,9.1
2019-12-05,27274.78,27274.78,0,0,0,8.97,14.5,1,9.1
2019-12-06,27274.78,27274.78,0,0,0,9.25,13.6,1,9.1
2019-12-09,5639.49,5686.63,0,1,0,9.13,15.9,1,-77.44
2019-12-10,27264.0,27264.0,0,0,0,9.11,15.7,1,9.06
2019-12-11,27264.0,27264.0,0,0,0,9.25,15.0,1,9.06
2019-12-12,27264.0,27264.0,0,0,0,9.46,13.9,1,9.06
2019-12-13,27264.0,27264.0,0,0,0,9.55,12.6,1,9.06
2019-12-16,5803.59,5815.71,0,1,0,9.82,12.1,1,-76.79
2019-12-17,27255.37,27255.37,0,0,0,9.83,12.3,1,9.02
2019-12-18,27255.37,27255.37,0,0,0,9.86,12.6,1,9.02
2019-12-19,27255.37,27255.37,0,0,0,10.06,12.5,1,9.02
2019-12-20,27255.37,27255.37,0,0,0,10.18,12.5,1,9.02
2019-12-23,5782.38,5797.5,0,1,0,10.25,12.6,1,-76.87
2019-12-24,27243.98,27243.98,0,0,0,10.27,12.7,1,8.98
2019-12-26,27243.98,27243.98,0,0,0,10.53,12.6,1,8.98
2019-12-27,27243.98,27243.98,0,0,0,10.5,13.4,1,8.98
2019-12-30,5680.27,5715.01,0,1,0,10.29,14.8,1,-77.28
2019-12-31,27241.96,27241.96,0,0,0,10.35,13.8,1,8.97
2020-01-02,27241.96,27241.96,0,0,0,10.86,12.5,1,8.97
2020-01-03,27241.96,27241.96,0,0,0,10.57,14.0,1,8.97
2020-01-06,5660.53,5685.6,0,1,0,10.77,13.9,1,-77.36
2020-01-07,27223.89,27223.89,0,0,0,10.76,13.8,1,8.9
2020-01-08,27223.89,27223.89,0,0,0,11.0,13.4,1,8.9
2020-01-09,27223.89,27223.89,0,0,0,11.28,12.5,1,8.9
2020-01-10,27223.89,27223.89,0,0,0,11.19,12.6,1,8.9
2020-01-13,6135.74,6148.73,0,1,0,11.58,12.3,1,-75.46
2020-01-14,27202.66,27202.66,0,0,0,11.44,12.4,1,8.81
2020-01-15,27202.66,27202.66,0,0,0,11.45,12.4,1,8.81
2020-01-16,27202.66,27202.66,0,0,0,11.77,12.3,1,8.81
2020-01-17,27202.66,27202.66,0,0,0,11.95,12.1,1,8.81
2020-01-21,27202.66,27202.66,0,0,0,11.94,12.9,1,8.81
2020-01-22,27202.66,27202.66,0,0,0,12.02,12.9,1,8.81
2020-01-23,27202.66,27202.66,0,0,0,12.13,13.0,1,8.81
2020-01-24,27202.66,27202.66,0,0,0,11.82,14.6,1,8.81
2020-01-27,5992.01,6072.27,0,1,0,11.09,18.2,1,-76.03
2020-01-28,27305.6,27305.6,0,0,0,11.6,16.3,1,9.22
2020-01-29,27305.6,27305.6,0,0,0,11.65,16.4,1,9.22
2020-01-30,27305.6,27305.6,0,0,0,11.78,15.5,1,9.22
2020-01-31,27305.6,27305.6,0,0,0,11.2,18.8,1,9.22
2020-02-03,5968.85,6045.42,0,1,0,11.71,18.0,1,-76.12
2020-02-04,27413.32,27413.32,0,0,0,12.51,16.0,1,9.65
2020-02-05,27413.32,27413.32,0,0,0,12.66,15.1,1,9.65
2020-02-06,27413.32,27413.32,0,0,0,12.97,15.0,1,9.65
2020-02-07,27413.32,27413.32,0,0,0,12.8,15.5,1,9.65
2020-02-10,5675.47,5790.82,0,1,0,13.26,15.0,1,-77.3
2020-02-11,27472.92,27472.92,0,0,0,13.27,15.2,1,9.89
2020-02-12,27472.92,27472.92,0,0,0,13.66,13.7,1,9.89
2020-02-13,27472.92,27472.92,0,0,0,13.61,14.1,1,9.89
2020-02-14,27472.92,27472.92,0,0,0,13.7,13.7,1,9.89
2020-02-18,27472.92,27472.92,0,0,0,13.72,14.8,1,9.89
2020-02-19,27472.92,27472.92,0,0,0,14.12,14.4,1,9.89
2020-02-20,27472.92,27472.92,0,0,0,13.72,15.6,1,9.89
2020-02-21,27472.92,27472.92,0,0,0,12.93,17.1,1,9.89
2020-02-24,17050.49,17199.84,0,1,0,11.44,25.0,1,-31.8
2020-02-25,16829.96,17199.84,0,1,0,10.52,27.9,1,-32.68
2020-02-26,16964.69,17199.84,0,1,0,10.66,27.6,1,-32.14
2020-02-27,26265.79,26265.79,0,0,0,9.07,39.2,1,5.06
2020-02-28,26265.79,26265.79,0,0,0,9.21,40.1,1,5.06
2020-03-02,15779.13,16107.87,0,1,0,10.47,33.4,1,-36.88
2020-03-03,15479.31,16107.87,0,1,0,9.48,36.8,1,-38.08
2020-03-04,26651.32,26651.32,0,0,0,10.63,32.0,1,6.61
2020-03-05,26651.32,26651.32,0,0,0,9.7,39.6,1,6.61
2020-03-06,26651.32,26651.32,0,0,0,9.19,41.9,1,6.61
2020-03-09,26651.32,26651.32,0,0,0,7.32,54.5,0,6.61
2020-03-10,26651.32,26651.32,0,0,0,8.46,47.3,0,6.61
2020-03-11,26651.32,26651.32,0,0,0,7.37,53.9,0,6.61
2020-03-12,26651.32,26651.32,0,0,0,5.35,75.5,0,6.61
2020-03-13,26651.32,26651.32,0,0,0,6.8,57.8,0,6.61
2020-03-16,26651.32,26651.32,0,0,0,4.45,82.7,0,6.61
2020-03-17,26651.32,26651.32,0,0,0,5.18,75.9,0,6.61
2020-03-18,26651.32,26651.32,0,0,0,4.7,76.4,0,6.61
2020-03-19,26651.32,26651.32,0,0,0,4.81,72.0,0,6.61
2020-03-20,26651.32,26651.32,0,0,0,4.25,66.0,0,6.61
2020-03-23,26651.32,26651.32,0,0,0,4.26,61.6,0,6.61
2020-03-24,26651.32,26651.32,0,0,0,5.21,61.7,0,6.61
2020-03-25,26651.32,26651.32,0,0,0,5.09,64.0,0,6.61
2020-03-26,26651.32,26651.32,0,0,0,5.92,61.0,0,6.61
2020-03-27,26651.32,26651.32,0,0,0,5.3,65.5,0,6.61
2020-03-30,26651.32,26651.32,0,0,0,5.86,57.1,0,6.61
2020-03-31,26651.32,26651.32,0,0,0,5.7,53.5,0,6.61
2020-04-01,26651.32,26651.32,0,0,0,4.99,57.1,0,6.61
2020-04-02,26651.32,26651.32,0,0,0,5.29,50.9,0,6.61
2020-04-03,26651.32,26651.32,0,0,0,5.07,46.8,0,6.61
2020-04-06,26651.32,26651.32,0,0,0,6.13,45.2,0,6.61
2020-04-07,26651.32,26651.32,0,0,0,6.12,46.7,0,6.61
2020-04-08,26651.32,26651.32,0,0,0,6.51,43.3,0,6.61
2020-04-09,26651.32,26651.32,0,0,0,6.54,41.7,0,6.61
2020-04-13,26651.32,26651.32,0,0,0,6.77,41.2,0,6.61
2020-04-14,26651.32,26651.32,0,0,0,7.64,37.8,0,6.61
2020-04-15,26651.32,26651.32,0,0,0,7.39,40.8,0,6.61
2020-04-16,26651.32,26651.32,0,0,0,7.79,40.1,0,6.61
2020-04-17,26651.32,26651.32,0,0,0,7.98,38.2,0,6.61
2020-04-20,26651.32,26651.32,0,0,0,7.72,43.8,0,6.61
2020-04-21,26651.32,26651.32,0,0,0,6.87,45.4,0,6.61
2020-04-22,26651.32,26651.32,0,0,0,7.48,42.0,0,6.61
2020-04-23,26651.32,26651.32,0,0,0,7.43,41.4,0,6.61
2020-04-24,26651.32,26651.32,0,0,0,7.79,35.9,0,6.61
2020-04-27,26651.32,26651.32,0,0,0,7.94,33.3,0,6.61
2020-04-28,26651.32,26651.32,0,0,0,7.51,33.6,0,6.61
2020-04-29,26651.32,26651.32,0,0,0,8.29,31.2,0,6.61
2020-04-30,26651.32,26651.32,0,0,0,8.34,34.2,0,6.61
2020-05-01,26651.32,26651.32,0,0,0,7.6,37.2,0,6.61
2020-05-04,26651.32,26651.32,0,0,0,7.86,36.0,0,6.61
2020-05-05,26651.32,26651.32,0,0,0,8.11,33.6,0,6.61
2020-05-06,26651.32,26651.32,0,0,0,8.27,34.1,0,6.61
2020-05-07,26651.32,26651.32,0,0,0,8.6,31.4,0,6.61
2020-05-08,26651.32,26651.32,0,0,0,8.94,28.0,1,6.61
2020-05-11,16629.55,16897.41,0,1,0,9.17,27.6,1,-33.48
2020-05-12,16506.51,16897.41,0,1,0,8.62,33.0,0,-33.97
2020-05-13,16434.37,16897.41,0,1,0,8.29,35.3,0,-34.26
2020-05-14,26774.49,26774.49,0,0,0,8.57,32.6,0,7.1
2020-05-15,26774.49,26774.49,0,0,0,8.72,31.9,1,7.1
2020-05-18,16692.64,16931.11,0,1,0,9.22,29.3,1,-33.23
2020-05-19,16738.42,16931.11,0,1,0,9.15,30.5,1,-33.05
2020-05-20,27145.33,27145.33,0,0,0,9.69,28.0,1,8.58
2020-05-21,27145.33,27145.33,0,0,0,9.39,29.5,1,8.58
2020-05-22,27145.33,27145.33,0,0,0,9.47,28.2,1,8.58
2020-05-26,27145.33,27145.33,0,0,0,9.43,28.0,1,8.58
2020-05-27,27145.33,27145.33,0,0,0,9.57,27.6,1,8.58
2020-05-28,27145.33,27145.33,0,0,0,9.51,28.6,1,8.58
2020-05-29,27145.33,27145.33,0,0,0,9.9,27.5,1,8.58
2020-06-01,17103.99,17244.86,0,1,0,10.02,28.2,1,-31.58
2020-06-02,27271.59,27271.59,0,0,0,10.22,26.8,1,9.09
2020-06-03,27271.59,27271.59,0,0,0,10.36,25.7,1,9.09
2020-06-04,27271.59,27271.59,0,0,0,10.15,25.8,1,9.09
2020-06-05,27271.59,27271.59,0,0,0,10.75,24.5,1,9.09
2020-06-08,17261.61,17373.44,0,1,0,10.99,25.8,1,-30.95
2020-06-09,27382.53,27382.53,0,0,0,11.23,27.6,1,9.53
2020-06-10,27382.53,27382.53,0,0,0,11.64,27.6,1,9.53
2020-06-11,27382.53,27382.53,0,0,0,9.93,40.8,1,9.53
2020-06-12,27382.53,27382.53,0,0,0,10.14,36.1,1,9.53
2020-06-15,16862.36,17093.92,0,1,0,10.5,34.4,1,-32.55
2020-06-16,27669.25,27669.25,0,0,0,11.05,33.7,1,10.68
2020-06-17,27669.25,27669.25,0,0,0,11.16,33.5,1,10.68
2020-06-18,27669.25,27669.25,0,0,0,11.25,32.9,1,10.68
2020-06-19,27669.25,27669.25,0,0,0,11.23,35.1,1,10.68
2020-06-22,17074.87,17270.95,0,1,0,11.63,31.8,1,-31.7
2020-06-23,27857.5,27857.5,0,0,0,11.93,31.4,1,11.43
2020-06-24,27857.5,27857.5,0,0,0,11.23,33.8,1,11.43
2020-06-25,27857.5,27857.5,0,0,0,11.53,32.2,1,11.43
2020-06-26,27857.5,27857.5,0,0,0,10.7,34.7,1,11.43
2020-06-29,16792.66,17343.75,0,1,0,11.04,31.8,1,-32.83
2020-06-30,28261.33,28261.33,0,0,0,11.68,30.4,1,13.05
2020-07-01,28261.33,28261.33,0,0,0,12.1,28.6,1,13.05
2020-07-02,28261.33,28261.33,0,0,0,12.35,27.7,1,13.05
2020-07-06,17392.4,17616.73,0,1,0,13.26,27.9,1,-30.43
2020-07-07,17403.64,17616.73,0,1,0,13.0,29.4,1,-30.39
2020-07-08,28558.52,28558.52,0,0,0,13.5,28.1,1,14.23
2020-07-09,28558.52,28558.52,0,0,0,13.84,29.3,1,14.23
2020-07-10,28558.52,28558.52,0,0,0,14.13,27.3,1,14.23
2020-07-13,17692.54,17899.65,0,1,0,13.26,32.2,1,-29.23
2020-07-14,28742.21,28742.21,0,0,0,13.54,29.5,1,14.97
2020-07-15,28742.21,28742.21,0,0,0,13.6,27.8,1,14.97
2020-07-16,28742.21,28742.21,0,0,0,13.31,28.0,1,14.97
2020-07-17,28742.21,28742.21,0,0,0,13.37,25.7,1,14.97
2020-07-20,6273.19,6550.85,0,1,0,14.51,24.5,1,-74.91
2020-07-21,6210.74,6550.85,0,1,0,14.05,24.8,1,-75.16
2020-07-22,28931.36,28931.36,0,0,0,14.21,24.3,1,15.73
2020-07-23,28931.36,28931.36,0,0,0,13.1,26.1,1,15.73
2020-07-24,28931.36,28931.36,0,0,0,12.71,25.8,1,15.73
2020-07-27,6974.13,7249.79,0,1,0,13.39,24.7,1,-72.1
2020-07-28,6878.84,7249.79,0,1,0,12.89,25.4,1,-72.48
2020-07-29,29223.85,29223.85,0,0,0,13.33,24.1,1,16.9
2020-07-30,29223.85,29223.85,0,0,0,13.55,24.8,1,16.9
2020-07-31,29223.85,29223.85,0,0,0,14.28,24.5,1,16.9
2020-08-03,6297.87,6564.77,0,1,0,14.81,24.3,1,-74.81
2020-08-04,29449.43,29449.43,0,0,0,15.0,23.8,1,17.8
2020-08-05,29449.43,29449.43,0,0,0,15.12,23.0,1,17.8
2020-08-06,29449.43,29449.43,0,0,0,15.7,22.6,1,17.8
2020-08-07,29449.43,29449.43,0,0,0,15.19,22.2,1,17.8
2020-08-10,6255.2,6479.99,0,1,0,14.98,22.1,1,-74.98
2020-08-11,6019.77,6479.99,0,1,0,14.13,24.0,1,-75.92
2020-08-12,29770.13,29770.13,0,0,0,15.19,22.3,1,19.08
2020-08-13,29770.13,29770.13,0,0,0,15.3,22.1,1,19.08
2020-08-14,29770.13,29770.13,0,0,0,15.25,22.0,1,19.08
2020-08-17,6815.44,7065.12,0,1,0,15.75,21.4,1,-72.74
2020-08-18,30063.04,30063.04,0,0,0,16.22,21.5,1,20.25
2020-08-19,30063.04,30063.04,0,0,0,15.9,22.5,1,20.25
2020-08-20,30063.04,30063.04,0,0,0,16.55,22.7,1,20.25
2020-08-21,30063.04,30063.04,0,0,0,16.9,22.5,1,20.25
2020-08-24,6551.52,6727.43,0,1,0,17.21,22.4,1,-73.79
2020-08-25,30265.2,30265.2,0,0,0,17.62,22.0,1,21.06
2020-08-26,30265.2,30265.2,0,0,0,18.74,23.3,1,21.06
2020-08-27,30265.2,30265.2,0,0,0,18.57,24.5,1,21.06
2020-08-28,30265.2,30265.2,0,0,0,18.86,23.0,1,21.06
2020-08-31,19723.14,19848.27,0,1,0,19.3,26.4,1,-21.11
2020-09-01,30448.51,30448.51,0,0,0,20.3,26.1,1,21.79
2020-09-02,30448.51,30448.51,0,0,0,20.87,26.6,1,21.79
2020-09-03,30448.51,30448.51,0,0,0,17.67,33.6,1,21.79
2020-09-04,30448.51,30448.51,0,0,0,16.94,30.8,1,21.79
2020-09-08,30448.51,30448.51,0,0,0,14.54,31.5,1,21.79
2020-09-09,30448.51,30448.51,0,0,0,15.79,28.8,1,21.79
2020-09-10,30448.51,30448.51,0,0,0,14.88,29.7,1,21.79
2020-09-11,30448.51,30448.51,0,0,0,14.56,26.9,1,21.79
2020-09-14,19298.52,19648.35,0,1,0,15.3,25.9,1,-22.81
2020-09-15,30807.94,30807.94,0,0,0,15.96,25.6,1,23.23
2020-09-16,30807.94,30807.94,0,0,0,15.19,26.0,1,23.23
2020-09-17,30807.94,30807.94,0,0,0,14.49,26.5,1,23.23
2020-09-18,30807.94,30807.94,0,0,0,13.93,25.8,1,23.23
2020-09-21,19255.38,19626.84,0,1,0,14.09,27.8,1,-22.98
2020-09-22,31230.95,31230.95,0,0,0,14.86,26.9,1,24.92
2020-09-23,31230.95,31230.95,0,0,0,13.49,28.6,1,24.92
2020-09-24,31230.95,31230.95,0,0,0,13.69,28.5,1,24.92
2020-09-25,31230.95,31230.95,0,0,0,14.64,26.4,1,24.92
2020-09-28,19929.47,20354.34,0,1,0,15.51,26.2,1,-20.28
2020-09-29,19995.58,20354.34,0,1,0,15.35,26.3,1,-20.02
2020-09-30,31685.59,31685.59,0,0,0,15.65,26.4,1,26.74
2020-10-01,31685.59,31685.59,0,0,0,16.39,26.7,1,26.74
2020-10-02,31685.59,31685.59,0,0,0,15.04,27.6,1,26.74
2020-10-05,20041.09,20403.09,0,1,0,15.98,28.0,1,-19.84
2020-10-06,19927.1,20403.09,0,1,0,15.13,29.5,1,-20.29
2020-10-07,32027.82,32027.82,0,0,0,15.92,28.1,1,28.11
2020-10-08,32027.82,32027.82,0,0,0,16.16,26.4,1,28.11
2020-10-09,32027.82,32027.82,0,0,0,16.87,25.0,1,28.11
2020-10-12,20269.61,20530.65,0,1,0,18.45,25.1,1,-18.92
2020-10-13,32157.56,32157.56,0,0,0,18.45,26.1,1,28.63
2020-10-14,32157.56,32157.56,0,0,0,17.99,26.4,1,28.63
2020-10-15,32157.56,32157.56,0,0,0,17.62,27.0,1,28.63
2020-10-16,32157.56,32157.56,0,0,0,17.35,27.4,1,28.63
2020-10-19,20144.8,20392.91,0,1,0,16.49,29.2,1,-19.42
2020-10-20,32312.4,32312.4,0,0,0,16.6,29.4,1,29.25
2020-10-21,32312.4,32312.4,0,0,0,16.55,28.6,1,29.25
2020-10-22,32312.4,32312.4,0,0,0,16.56,28.1,1,29.25
2020-10-23,32312.4,32312.4,0,0,0,16.66,27.5,1,29.25
2020-10-26,20729.72,20954.66,0,1,0,15.9,32.5,1,-17.08
2020-10-27,32522.81,32522.81,0,0,0,16.27,33.3,1,30.09
2020-10-28,32522.81,32522.81,0,0,0,14.36,40.3,1,30.09
2020-10-29,32522.81,32522.81,0,0,0,15.1,37.6,1,30.09
2020-10-30,32522.81,32522.81,0,0,0,14.05,38.0,1,30.09
2020-11-02,32522.81,32522.81,0,0,0,14.05,37.1,1,30.09
2020-11-03,32522.81,32522.81,0,0,0,14.76,35.5,1,30.09
2020-11-04,32522.81,32522.81,0,0,0,16.75,29.6,1,30.09
2020-11-05,32522.81,32522.81,0,0,0,18.04,27.6,1,30.09
2020-11-06,32522.81,32522.81,0,0,0,18.11,24.9,1,30.09
2020-11-09,20138.3,20420.49,0,1,0,17.0,25.8,1,-19.45
2020-11-10,20013.21,20420.49,0,1,0,16.08,24.8,1,-19.95
2020-11-11,32864.17,32864.17,0,0,0,17.16,23.5,1,31.46
2020-11-12,32864.17,32864.17,0,0,0,16.91,25.4,1,31.46
2020-11-13,32864.17,32864.17,0,0,0,17.36,23.1,1,31.46
2020-11-16,6994.7,7635.93,0,1,0,17.76,22.5,1,-72.02
2020-11-17,7106.42,7635.93,0,1,0,17.59,22.7,1,-71.57
2020-11-18,7152.71,7635.93,0,1,0,17.18,23.8,1,-71.39
2020-11-19,33869.52,33869.52,0,0,0,17.61,23.1,1,35.48
2020-11-20,33869.52,33869.52,0,0,0,17.25,23.7,1,35.48
2020-11-23,7156.53,7811.45,0,1,0,17.26,22.7,1,-71.37
2020-11-24,34592.22,34592.22,0,0,0,17.96,21.6,1,38.37
2020-11-25,34592.22,34592.22,0,0,0,18.3,21.2,1,38.37
2020-11-27,34592.22,34592.22,0,0,0,18.8,20.8,1,38.37
2020-11-30,7061.64,7436.8,0,1,0,18.9,20.6,1,-71.75
2020-12-01,35072.15,35072.15,0,0,0,19.64,20.8,1,40.29
2020-12-02,35072.15,35072.15,0,0,0,19.72,21.2,1,40.29
2020-12-03,35072.15,35072.15,0,0,0,19.8,21.3,1,40.29
2020-12-04,35072.15,35072.15,0,0,0,20.04,20.8,1,40.29
2020-12-07,7236.44,7415.72,0,1,0,20.38,21.3,1,-71.05
2020-12-08,35229.25,35229.25,0,0,0,20.57,20.7,1,40.92
2020-12-09,35229.25,35229.25,0,0,0,19.19,22.3,1,40.92
2020-12-10,35229.25,35229.25,0,0,0,19.43,22.5,1,40.92
2020-12-11,35229.25,35229.25,0,0,0,19.29,23.3,1,40.92
2020-12-14,8322.37,8590.26,0,1,0,19.7,24.7,1,-66.71
2020-12-15,35563.17,35563.17,0,0,0,20.31,22.9,1,42.25
2020-12-16,35563.17,35563.17,0,0,0,20.65,22.5,1,42.25
2020-12-17,35563.17,35563.17,0,0,0,21.08,21.9,1,42.25
2020-12-18,35563.17,35563.17,0,0,0,20.85,21.6,1,42.25
2020-12-21,22325.6,22986.35,0,1,0,20.77,25.2,1,-10.7
2020-12-22,22388.87,22986.35,0,1,0,20.93,24.2,1,-10.44
2020-12-23,22356.48,22986.35,0,1,0,20.62,23.3,1,-10.57
2020-12-24,22442.45,22986.35,0,1,0,20.89,21.5,1,-10.23
2020-12-28,8830.8,9494.28,0,1,0,21.51,21.7,1,-64.68
2020-12-29,8913.77,9494.28,0,1,0,21.58,23.1,1,-64.34
2020-12-30,8976.5,9494.28,0,1,0,21.57,22.8,1,-64.09
2020-12-31,36737.52,36737.52,0,0,0,21.74,22.8,1,46.95
2021-01-04,23487.0,23652.98,0,1,0,20.79,27.0,1,-6.05
2021-01-05,36919.65,36919.65,0,0,0,21.31,25.3,1,47.68
2021-01-06,36919.65,36919.65,0,0,0,20.43,25.1,1,47.68
2021-01-07,36919.65,36919.65,0,0,0,21.91,22.4,1,47.68
2021-01-08,36919.65,36919.65,0,0,0,22.76,21.6,1,47.68
2021-01-11,9196.7,9453.4,0,1,0,21.75,24.1,1,-63.21
2021-01-12,37036.55,37036.55,0,0,0,21.66,23.3,1,48.15
2021-01-13,37036.55,37036.55,0,0,0,22.08,22.2,1,48.15
2021-01-14,37036.55,37036.55,0,0,0,21.74,23.2,1,48.15
2021-01-15,37036.55,37036.55,0,0,0,21.21,24.3,1,48.15
2021-01-19,37036.55,37036.55,0,0,0,22.13,23.2,1,48.15
2021-01-20,37036.55,37036.55,0,0,0,23.67,21.6,1,48.15
2021-01-21,37036.55,37036.55,0,0,0,24.26,21.3,1,48.15
2021-01-22,37036.55,37036.55,0,0,0,24.04,21.9,1,48.15
2021-01-25,7792.36,8035.65,0,1,0,24.71,23.2,1,-68.83
2021-01-26,37193.33,37193.33,0,0,0,24.74,23.0,1,48.77
2021-01-27,37193.33,37193.33,0,0,0,22.74,37.2,1,48.77
2021-01-28,37193.33,37193.33,0,0,0,23.08,30.2,1,48.77
2021-01-29,37193.33,37193.33,0,0,0,21.64,33.1,1,48.77
2021-02-01,22389.53,22634.46,0,1,0,23.23,30.2,1,-10.44
2021-02-02,37522.46,37522.46,0,0,0,24.35,25.6,1,50.09
2021-02-03,37522.46,37522.46,0,0,0,24.07,22.9,1,50.09
2021-02-04,37522.46,37522.46,0,0,0,24.92,21.8,1,50.09
2021-02-05,37522.46,37522.46,0,0,0,25.19,20.9,1,50.09
2021-02-08,9470.03,9776.32,0,1,0,25.68,21.2,1,-62.12
2021-02-09,37699.29,37699.29,0,0,0,25.67,21.6,1,50.8
2021-02-10,37699.29,37699.29,0,0,0,25.48,22.0,1,50.8
2021-02-11,37699.29,37699.29,0,0,0,25.9,21.2,1,50.8
2021-02-12,37699.29,37699.29,0,0,0,26.34,20.0,1,50.8
2021-02-16,37699.29,37699.29,0,0,0,26.12,21.5,1,50.8
2021-02-17,37699.29,37699.29,0,0,0,25.75,21.5,1,50.8
2021-02-18,37699.29,37699.29,0,0,0,25.41,22.5,1,50.8
2021-02-19,37699.29,37699.29,0,0,0,25.07,22.0,1,50.8
2021-02-22,8219.69,8514.75,0,1,0,23.13,23.5,1,-67.12
2021-02-23,8279.66,8514.75,0,1,0,22.92,23.1,1,-66.88
2021-02-24,38138.94,38138.94,0,0,0,23.48,21.3,1,52.56
2021-02-25,38138.94,38138.94,0,0,0,21.02,28.9,1,52.56
2021-02-26,38138.94,38138.94,0,0,0,21.34,28.0,1,52.56
2021-03-01,8567.93,8970.03,0,1,0,23.2,23.4,1,-65.73
2021-03-02,8342.34,8970.03,0,1,0,22.09,24.1,1,-66.63
2021-03-03,36797.26,36797.26,0,0,0,20.17,26.7,1,47.19
2021-03-04,36797.26,36797.26,0,0,0,19.17,28.6,1,47.19
2021-03-05,36797.26,36797.26,0,0,0,20.03,24.7,1,47.19
2021-03-08,23451.6,23690.61,0,1,0,18.32,25.5,1,-6.19
2021-03-09,37219.01,37219.01,0,0,0,20.48,24.0,1,48.88
2021-03-10,37219.01,37219.01,0,0,0,20.3,22.6,1,48.88
2021-03-11,37219.01,37219.01,0,0,0,21.71,21.9,1,48.88
2021-03-12,37219.01,37219.01,0,0,0,21.17,20.7,1,48.88
2021-03-15,9369.61,10112.0,0,1,0,21.85,20.0,1,-62.52
2021-03-16,37780.21,37780.21,0,0,0,22.21,19.8,1,51.12
2021-03-17,37780.21,37780.21,0,0,0,22.49,19.2,1,51.12
2021-03-18,37780.21,37780.21,0,0,0,20.42,21.6,1,51.12
2021-03-19,37780.21,37780.21,0,0,0,20.68,21.0,1,51.12
2021-03-22,8026.44,8900.74,0,1,0,21.79,18.9,1,-67.89
2021-03-23,8143.74,8900.74,0,1,0,21.5,20.3,1,-67.43
2021-03-24,7920.82,8900.74,0,1,0,20.42,21.2,1,-68.32
2021-03-25,38191.35,38191.35,0,0,0,20.31,19.8,1,52.77
2021-03-26,38191.35,38191.35,0,0,0,21.2,18.9,1,52.77
2021-03-29,9250.52,10925.69,0,1,0,21.19,20.7,1,-63.0
2021-03-30,9233.54,10925.69,0,1,0,20.89,19.6,1,-63.07
2021-03-31,39179.22,39179.22,0,0,0,21.83,19.4,1,56.72
2021-04-01,39179.22,39179.22,0,0,0,22.94,17.3,1,56.72
2021-04-05,8188.24,8794.99,0,1,0,24.31,17.9,1,-67.25
2021-04-06,39464.89,39464.89,0,0,0,24.26,18.1,1,57.86
2021-04-07,39464.89,39464.89,0,0,0,24.44,17.2,1,57.86
2021-04-08,39464.89,39464.89,0,0,0,25.2,17.0,1,57.86
2021-04-09,39464.89,39464.89,0,0,0,25.66,16.7,1,57.86
2021-04-12,9219.07,9478.21,0,1,0,25.56,16.9,1,-63.12
2021-04-13,39816.23,39816.23,0,0,0,26.43,16.6,1,59.26
2021-04-14,39816.23,39816.23,0,0,0,25.5,17.0,1,59.26
2021-04-15,39816.23,39816.23,0,0,0,26.63,16.6,1,59.26
2021-04-16,39816.23,39816.23,0,0,0,26.74,16.2,1,59.26
2021-04-19,9029.97,9197.22,0,1,0,26.01,17.3,1,-63.88
2021-04-20,9011.31,9197.22,0,1,0,25.44,18.7,1,-63.95
2021-04-21,40049.95,40049.95,0,0,0,26.09,17.5,1,60.2
2021-04-22,40049.95,40049.95,0,0,0,25.14,18.7,1,60.2
2021-04-23,40049.95,40049.95,0,0,0,26.08,17.3,1,60.2
2021-04-26,8567.65,8693.15,0,1,0,26.6,17.6,1,-65.73
2021-04-27,8583.15,8693.15,0,1,0,26.25,17.6,1,-65.67
2021-04-28,40125.64,40125.64,0,0,0,25.98,17.3,1,60.5
2021-04-29,40125.64,40125.64,0,0,0,26.24,17.6,1,60.5
2021-04-30,40125.64,40125.64,0,0,0,25.75,18.6,1,60.5
2021-05-03,10148.61,10264.49,0,1,0,25.33,18.3,1,-59.41
2021-05-04,9941.82,10264.49,0,1,0,23.99,19.5,1,-60.23
2021-05-05,9965.3,10264.49,0,1,0,23.71,19.1,1,-60.14
2021-05-06,40235.5,40235.5,0,0,0,24.23,18.4,1,60.94
2021-05-07,40235.5,40235.5,0,0,0,24.83,16.7,1,60.94
2021-05-10,8878.74,9059.92,0,1,0,22.96,19.7,1,-64.49
2021-05-11,40314.81,40314.81,0,0,0,22.85,21.8,1,61.26
2021-05-12,40314.81,40314.81,0,0,0,21.11,27.6,1,61.26
2021-05-13,40314.81,40314.81,0,0,0,21.55,23.1,1,61.26
2021-05-14,40314.81,40314.81,0,0,0,22.95,18.8,1,61.26
2021-05-17,9496.74,9754.78,0,1,0,22.57,19.7,1,-62.01
2021-05-18,9486.19,9754.78,0,1,0,22.09,21.3,1,-62.06
2021-05-19,40531.17,40531.17,0,0,0,22.17,22.2,1,62.12
2021-05-20,40531.17,40531.17,0,0,0,23.46,20.7,1,62.12
2021-05-21,40531.17,40531.17,0,0,0,23.07,20.1,1,62.12
2021-05-24,9655.98,9952.86,0,1,0,24.22,18.4,1,-61.38
2021-05-25,40748.7,40748.7,0,0,0,24.34,18.8,1,62.99
2021-05-26,40748.7,40748.7,0,0,0,24.59,17.4,1,62.99
2021-05-27,40748.7,40748.7,0,0,0,24.3,16.7,1,62.99
2021-05-28,40748.7,40748.7,0,0,0,24.54,16.8,1,62.99
2021-06-01,40748.7,40748.7,0,0,0,24.3,17.9,1,62.99
2021-06-02,40748.7,40748.7,0,0,0,24.42,17.5,1,62.99
2021-06-03,40748.7,40748.7,0,0,0,23.66,18.0,1,62.99
2021-06-04,40748.7,40748.7,0,0,0,24.87,16.4,1,62.99
2021-06-07,8770.47,9068.48,0,1,0,25.09,16.4,1,-64.92
2021-06-08,40938.61,40938.61,0,0,0,25.12,17.1,1,63.75
2021-06-09,40938.61,40938.61,0,0,0,25.15,17.9,1,63.75
2021-06-10,40938.61,40938.61,0,0,0,25.92,16.1,1,63.75
2021-06-11,40938.61,40938.61,0,0,0,26.12,15.6,1,63.75
2021-06-14,9156.38,9236.38,0,1,0,26.85,16.4,1,-63.37
2021-06-15,9150.24,9236.38,0,1,0,26.36,17.0,1,-63.4
2021-06-16,9175.66,9236.38,0,1,0,26.08,18.1,1,-63.3
2021-06-17,41071.85,41071.85,0,0,0,27.05,17.8,1,64.29
2021-06-18,41071.85,41071.85,0,0,0,26.4,20.7,1,64.29
2021-06-21,9252.84,9365.74,0,1,0,26.89,17.9,1,-62.99
2021-06-22,41227.55,41227.55,0,0,0,27.64,16.7,1,64.91
2021-06-23,41227.55,41227.55,0,0,0,27.68,16.3,1,64.91
2021-06-24,41227.55,41227.55,0,0,0,28.19,16.0,1,64.91
2021-06-25,41227.55,41227.55,0,0,0,28.11,15.6,1,64.91
2021-06-28,9437.62,9505.47,0,1,0,29.1,15.8,1,-62.25
2021-06-29,41297.3,41297.3,0,0,0,29.43,16.0,1,65.19
2021-06-30,41297.3,41297.3,0,0,0,29.3,15.8,1,65.19
2021-07-01,41297.3,41297.3,0,0,0,29.31,15.5,1,65.19
2021-07-02,41297.3,41297.3,0,0,0,30.31,15.1,1,65.19
2021-07-06,41297.3,41297.3,0,0,0,30.72,16.4,1,65.19
2021-07-07,41297.3,41297.3,0,0,0,30.91,16.2,1,65.19
2021-07-08,41297.3,41297.3,0,0,0,30.38,19.0,1,65.19
2021-07-09,41297.3,41297.3,0,0,0,30.89,16.2,1,65.19
2021-07-12,9977.83,10052.37,0,1,0,31.28,16.2,1,-60.09
2021-07-13,41345.15,41345.15,0,0,0,31.26,17.1,1,65.38
2021-07-14,41345.15,41345.15,0,0,0,31.43,16.3,1,65.38
2021-07-15,41345.15,41345.15,0,0,0,30.78,17.0,1,65.38
2021-07-16,41345.15,41345.15,0,0,0,30.02,18.5,1,65.38
2021-07-19,9333.21,9576.98,0,1,0,29.3,22.5,1,-62.67
2021-07-20,41680.7,41680.7,0,0,0,30.27,19.7,1,66.72
2021-07-21,41680.7,41680.7,0,0,0,30.96,17.9,1,66.72
2021-07-22,41680.7,41680.7,0,0,0,31.61,17.7,1,66.72
2021-07-23,41680.7,41680.7,0,0,0,32.66,17.2,1,66.72
2021-07-26,8838.55,8947.64,0,1,0,32.8,17.6,1,-64.65
2021-07-27,8766.64,8947.64,0,1,0,31.73,19.4,1,-64.93
2021-07-28,41755.2,41755.2,0,0,0,32.07,18.3,1,67.02
2021-07-29,41755.2,41755.2,0,0,0,32.23,17.7,1,67.02
2021-07-30,41755.2,41755.2,0,0,0,31.75,18.2,1,67.02
2021-08-02,9973.66,10126.0,0,1,0,31.74,19.5,1,-60.11
2021-08-03,41935.82,41935.82,0,0,0,32.29,18.0,1,67.74
2021-08-04,41935.82,41935.82,0,0,0,32.45,18.0,1,67.74
2021-08-05,41935.82,41935.82,0,0,0,33.06,17.3,1,67.74
2021-08-06,41935.82,41935.82,0,0,0,32.63,16.1,1,67.74
2021-08-09,9086.49,9176.16,0,1,0,32.81,16.7,1,-63.65
2021-08-10,9091.89,9176.16,0,1,0,32.32,16.8,1,-63.63
2021-08-11,42003.12,42003.12,0,0,0,32.14,16.2,1,68.01
2021-08-12,42003.12,42003.12,0,0,0,32.48,15.6,1,68.01
2021-08-13,42003.12,42003.12,0,0,0,32.8,15.4,1,68.01
2021-08-16,9101.11,9178.41,0,1,0,32.86,16.1,1,-63.6
2021-08-17,9066.85,9178.41,0,1,0,31.99,17.9,1,-63.73
2021-08-18,8997.51,9178.41,0,1,0,31.06,21.6,1,-64.01
2021-08-19,42082.81,42082.81,0,0,0,31.51,21.7,1,68.33
2021-08-20,42082.81,42082.81,0,0,0,32.48,18.6,1,68.33
2021-08-23,11199.0,11292.24,0,1,0,33.93,17.1,1,-55.2
2021-08-24,42180.18,42180.18,0,0,0,34.26,17.2,1,68.72
2021-08-25,42180.18,42180.18,0,0,0,34.3,16.8,1,68.72
2021-08-26,42180.18,42180.18,0,0,0,33.72,18.8,1,68.72
2021-08-27,42180.18,42180.18,0,0,0,34.7,16.4,1,68.72
2021-08-30,9542.1,9620.18,0,1,0,35.86,16.2,1,-61.83
2021-08-31,42225.18,42225.18,0,0,0,35.75,16.5,1,68.9
2021-09-01,42225.18,42225.18,0,0,0,35.95,16.1,1,68.9
2021-09-02,42225.18,42225.18,0,0,0,35.9,16.4,1,68.9
2021-09-03,42225.18,42225.18,0,0,0,36.22,16.4,1,68.9
2021-09-07,42225.18,42225.18,0,0,0,36.37,18.1,1,68.9
2021-09-08,42225.18,42225.18,0,0,0,36.0,18.0,1,68.9
2021-09-09,42225.18,42225.18,0,0,0,35.61,18.8,1,68.9
2021-09-10,42225.18,42225.18,0,0,0,34.81,21.0,1,68.9
2021-09-13,10607.89,10757.05,0,1,0,34.73,19.4,1,-57.57
2021-09-14,10643.01,10757.05,0,1,0,34.43,19.5,1,-57.43
2021-09-15,42464.78,42464.78,0,0,0,35.2,18.2,1,69.86
2021-09-16,42464.78,42464.78,0,0,0,35.27,18.7,1,69.86
2021-09-17,42464.78,42464.78,0,0,0,34.02,20.8,1,69.86
2021-09-20,27932.65,28093.49,0,1,0,31.93,25.7,1,11.73
2021-09-21,42567.54,42567.54,0,0,0,31.97,24.4,1,70.27
2021-09-22,42567.54,42567.54,0,0,0,32.9,20.9,1,70.27
2021-09-23,42567.54,42567.54,0,0,0,33.82,18.6,1,70.27
2021-09-24,42567.54,42567.54,0,0,0,33.91,17.8,1,70.27
2021-09-27,9428.52,9568.32,0,1,0,33.09,18.8,1,-62.29
2021-09-28,41931.66,41931.66,0,0,0,30.33,23.2,1,67.73
2021-09-29,41931.66,41931.66,0,0,0,30.13,22.6,1,67.73
2021-09-30,41931.66,41931.66,0,0,0,29.79,23.1,1,67.73
2021-10-01,41931.66,41931.66,0,0,0,30.34,21.1,1,67.73
2021-10-04,10828.63,11080.04,0,1,0,28.47,23.0,1,-56.69
2021-10-05,42292.93,42292.93,0,0,0,29.57,21.3,1,69.17
2021-10-06,42292.93,42292.93,0,0,0,30.15,21.0,1,69.17
2021-10-07,42292.93,42292.93,0,0,0,30.97,19.5,1,69.17
2021-10-08,42292.93,42292.93,0,0,0,30.49,18.8,1,69.17
2021-10-11,9724.68,9948.34,0,1,0,29.81,20.0,1,-61.1
2021-10-12,9767.02,9948.34,0,1,0,29.51,19.9,1,-60.93
2021-10-13,42638.97,42638.97,0,0,0,30.2,18.6,1,70.56
2021-10-14,42638.97,42638.97,0,0,0,31.87,16.9,1,70.56
2021-10-15,42638.97,42638.97,0,0,0,32.46,16.3,1,70.56
2021-10-18,9162.37,9390.93,0,1,0,33.43,16.3,1,-63.35
2021-10-19,42919.08,42919.08,0,0,0,34.17,15.7,1,71.68
2021-10-20,42919.08,42919.08,0,0,0,34.06,15.5,1,71.68
2021-10-21,42919.08,42919.08,0,0,0,34.67,15.0,1,71.68
2021-10-22,42919.08,42919.08,0,0,0,33.79,15.4,1,71.68
2021-10-25,11236.48,11454.6,0,1,0,34.81,15.2,1,-55.05
2021-10-26,43124.0,43124.0,0,0,0,35.13,16.0,1,72.5
2021-10-27,43124.0,43124.0,0,0,0,35.41,17.0,1,72.5
2021-10-28,43124.0,43124.0,0,0,0,36.57,16.5,1,72.5
2021-10-29,43124.0,43124.0,0,0,0,37.11,16.3,1,72.5
2021-11-01,9010.25,9096.55,0,1,0,37.48,16.4,1,-63.96
2021-11-02,43224.63,43224.63,0,0,0,37.98,16.0,1,72.9
2021-11-03,43224.63,43224.63,0,0,0,39.18,15.1,1,72.9
2021-11-04,43224.63,43224.63,0,0,0,40.64,15.4,1,72.9
2021-11-05,43224.63,43224.63,0,0,0,40.79,16.5,1,72.9
2021-11-08,9942.43,10044.53,0,1,0,40.63,17.2,1,-60.23
2021-11-09,9928.36,10044.53,0,1,0,39.79,17.8,1,-60.29
2021-11-10,9750.8,10044.53,0,1,0,38.05,18.7,1,-61.0
2021-11-11,9953.63,10044.53,0,1,0,38.35,17.7,1,-60.19
2021-11-12,43317.73,43317.73,0,0,0,39.57,16.3,1,73.27
2021-11-15,10909.19,10992.83,0,1,0,39.56,16.5,1,-56.36
2021-11-16,43430.09,43430.09,0,0,0,40.38,16.4,1,73.72
2021-11-17,43430.09,43430.09,0,0,0,40.43,17.1,1,73.72
2021-11-18,43430.09,43430.09,0,0,0,41.66,17.6,1,73.72
2021-11-19,43430.09,43430.09,0,0,0,42.37,17.9,1,73.72
2021-11-22,9924.59,10077.09,0,1,0,40.9,19.2,1,-60.3
2021-11-23,9941.53,10077.09,0,1,0,40.34,19.4,1,-60.23
2021-11-24,43631.71,43631.71,0,0,0,40.72,18.6,1,74.53
2021-11-26,43631.71,43631.71,0,0,0,38.47,28.6,1,74.53
2021-11-29,10159.5,10430.08,0,1,0,40.86,23.0,1,-59.36
2021-11-30,9976.09,10430.08,0,1,0,39.1,27.2,1,-60.1
2021-12-01,42970.87,42970.87,0,0,0,37.1,31.1,1,71.88
2021-12-02,42970.87,42970.87,0,0,0,37.79,28.0,1,71.88
2021-12-03,42970.87,42970.87,0,0,0,35.9,30.7,1,71.88
2021-12-06,26251.35,26465.0,0,1,0,36.74,27.2,1,5.01
2021-12-07,43347.25,43347.25,0,0,0,40.05,21.9,1,73.39
2021-12-08,43347.25,43347.25,0,0,0,40.61,19.9,1,73.39
2021-12-09,43347.25,43347.25,0,0,0,38.85,21.6,1,73.39
2021-12-10,43347.25,43347.25,0,0,0,40.05,18.7,1,73.39
2021-12-13,11943.6,12283.47,0,1,0,38.33,20.3,1,-52.23
2021-12-14,11874.02,12283.47,0,1,0,37.19,21.9,1,-52.5
2021-12-15,43927.66,43927.66,0,0,0,39.65,19.3,1,75.71
2021-12-16,43927.66,43927.66,0,0,0,36.63,20.6,1,75.71
2021-12-17,43927.66,43927.66,0,0,0,36.07,21.6,1,75.71
2021-12-20,8892.46,10361.5,0,1,0,34.99,22.9,1,-64.43
2021-12-21,45281.09,45281.09,0,0,0,37.33,21.0,1,81.12
2021-12-22,45281.09,45281.09,0,0,0,38.66,18.6,1,81.12
2021-12-23,45281.09,45281.09,0,0,0,39.58,18.0,1,81.12
2021-12-27,11307.42,11893.53,0,1,0,41.47,17.7,1,-54.77
2021-12-28,11395.17,11893.53,0,1,0,40.98,17.5,1,-54.42
2021-12-29,45815.9,45815.9,0,0,0,40.92,17.0,1,83.26
2021-12-30,45815.9,45815.9,0,0,0,40.54,17.3,1,83.26
2021-12-31,45815.9,45815.9,0,0,0,39.78,17.2,1,83.26
2022-01-03,12284.93,12703.04,0,1,0,40.93,16.6,1,-50.86
2022-01-04,12127.06,12703.04,0,1,0,39.34,16.9,1,-51.49
2022-01-05,44377.09,44377.09,0,0,0,35.72,19.7,1,77.51
2022-01-06,44377.09,44377.09,0,0,0,35.62,19.6,1,77.51
2022-01-07,44377.09,44377.09,0,0,0,34.46,18.8,1,77.51
2022-01-10,9746.5,10190.07,0,1,0,34.59,19.4,1,-61.01
2022-01-11,44996.55,44996.55,0,0,0,36.11,18.4,1,79.99
2022-01-12,44996.55,44996.55,0,0,0,36.52,17.6,1,79.99
2022-01-13,44996.55,44996.55,0,0,0,33.87,20.3,1,79.99
2022-01-14,44996.55,44996.55,0,0,0,34.38,19.2,1,79.99
2022-01-18,44996.55,44996.55,0,0,0,31.9,22.8,0,79.99
2022-01-19,44996.55,44996.55,0,0,0,30.79,23.9,0,79.99
2022-01-20,44996.55,44996.55,0,0,0,29.6,25.6,0,79.99
2022-01-21,44996.55,44996.55,0,0,0,27.11,28.9,0,79.99
2022-01-24,44996.55,44996.55,0,0,0,27.5,29.9,0,79.99
2022-01-25,44996.55,44996.55,0,0,0,25.47,31.2,0,79.99
2022-01-26,44996.55,44996.55,0,0,0,25.42,32.0,0,79.99
2022-01-27,44996.55,44996.55,0,0,0,24.66,30.5,0,79.99
2022-01-28,44996.55,44996.55,0,0,0,26.96,27.7,0,79.99
2022-01-31,44996.55,44996.55,0,0,0,29.58,24.8,0,79.99
2022-02-01,44996.55,44996.55,0,0,0,30.14,22.0,0,79.99
2022-02-02,44996.55,44996.55,0,0,0,30.85,22.1,0,79.99
2022-02-03,44996.55,44996.55,0,0,0,27.14,24.4,0,79.99
2022-02-04,44996.55,44996.55,0,0,0,28.08,23.2,0,79.99
2022-02-07,44996.55,44996.55,0,0,0,27.44,22.9,0,79.99
2022-02-08,44996.55,44996.55,0,0,0,28.38,21.4,0,79.99
2022-02-09,44996.55,44996.55,0,0,0,30.14,20.0,0,79.99
2022-02-10,44996.55,44996.55,0,0,0,28.14,23.9,0,79.99
2022-02-11,44996.55,44996.55,0,0,0,25.49,27.4,0,79.99
2022-02-14,44996.55,44996.55,0,0,0,25.56,28.3,0,79.99
2022-02-15,44996.55,44996.55,0,0,0,27.41,25.7,0,79.99
2022-02-16,44996.55,44996.55,0,0,0,27.4,24.3,0,79.99
2022-02-17,44996.55,44996.55,0,0,0,24.97,28.1,0,79.99
2022-02-18,44996.55,44996.55,0,0,0,24.13,27.8,0,79.99
2022-02-22,44996.55,44996.55,0,0,0,23.38,28.8,0,79.99
2022-02-23,44996.55,44996.55,0,0,0,21.59,31.0,0,79.99
2022-02-24,44996.55,44996.55,0,0,0,23.71,30.3,0,79.99
2022-02-25,44996.55,44996.55,0,0,0,24.83,27.6,0,79.99
2022-02-28,44996.55,44996.55,0,0,0,25.09,30.1,0,79.99
2022-03-01,44996.55,44996.55,0,0,0,23.94,33.3,0,79.99
2022-03-02,44996.55,44996.55,0,0,0,25.08,30.7,0,79.99
2022-03-03,44996.55,44996.55,0,0,0,24.03,30.5,0,79.99
2022-03-04,44996.55,44996.55,0,0,0,23.0,32.0,0,79.99
2022-03-07,44996.55,44996.55,0,0,0,20.44,36.5,0,79.99
2022-03-08,44996.55,44996.55,0,0,0,20.15,35.1,0,79.99
2022-03-09,44996.55,44996.55,0,0,0,22.31,32.5,0,79.99
2022-03-10,44996.55,44996.55,0,0,0,21.59,30.2,0,79.99
2022-03-11,44996.55,44996.55,0,0,0,20.25,30.8,0,79.99
2022-03-14,44996.55,44996.55,0,0,0,19.07,31.8,0,79.99
2022-03-15,44996.55,44996.55,0,0,0,20.83,29.8,0,79.99
2022-03-16,44996.55,44996.55,0,0,0,23.17,26.7,0,79.99
2022-03-17,44996.55,44996.55,0,0,0,23.95,25.7,0,79.99
2022-03-18,44996.55,44996.55,0,0,0,25.43,23.9,0,79.99
2022-03-21,44996.55,44996.55,0,0,0,25.25,23.5,0,79.99
2022-03-22,44996.55,44996.55,0,0,0,26.74,22.9,0,79.99
2022-03-23,44996.55,44996.55,0,0,0,25.62,23.6,0,79.99
2022-03-24,44996.55,44996.55,0,0,0,27.28,21.7,0,79.99
2022-03-25,44996.55,44996.55,0,0,0,27.23,20.8,0,79.99
2022-03-28,44996.55,44996.55,0,0,0,28.47,19.6,0,79.99
2022-03-29,44996.55,44996.55,0,0,0,29.93,18.9,0,79.99
2022-03-30,44996.55,44996.55,0,0,0,29.03,19.3,0,79.99
2022-03-31,44996.55,44996.55,0,0,0,27.83,20.6,0,79.99
2022-04-01,44996.55,44996.55,0,0,0,27.71,19.6,0,79.99
2022-04-04,44996.55,44996.55,0,0,0,29.44,18.6,0,79.99
2022-04-05,44996.55,44996.55,0,0,0,27.5,21.0,0,79.99
2022-04-06,44996.55,44996.55,0,0,0,25.69,22.1,0,79.99
2022-04-07,44996.55,44996.55,0,0,0,25.86,21.5,0,79.99
2022-04-08,44996.55,44996.55,0,0,0,24.8,21.2,0,79.99
2022-04-11,44996.55,44996.55,0,0,0,23.04,24.4,0,79.99
2022-04-12,44996.55,44996.55,0,0,0,22.74,24.3,0,79.99
2022-04-13,44996.55,44996.55,0,0,0,24.1,21.8,0,79.99
2022-04-14,44996.55,44996.55,0,0,0,22.48,22.7,0,79.99
2022-04-18,44996.55,44996.55,0,0,0,22.54,22.2,0,79.99
2022-04-19,44996.55,44996.55,0,0,0,23.99,21.4,0,79.99
2022-04-20,44996.55,44996.55,0,0,0,22.91,20.3,0,79.99
2022-04-21,44996.55,44996.55,0,0,0,21.57,22.7,0,79.99
2022-04-22,44996.55,44996.55,0,0,0,19.86,28.2,0,79.99
2022-04-25,44996.55,44996.55,0,0,0,20.59,27.0,0,79.99
2022-04-26,44996.55,44996.55,0,0,0,18.28,33.5,0,79.99
2022-04-27,44996.55,44996.55,0,0,0,18.2,31.6,0,79.99
2022-04-28,44996.55,44996.55,0,0,0,20.12,30.0,0,79.99
2022-04-29,44996.55,44996.55,0,0,0,17.47,33.4,0,79.99
2022-05-02,44996.55,44996.55,0,0,0,18.3,32.3,0,79.99
2022-05-03,44996.55,44996.55,0,0,0,18.34,29.2,0,79.99
2022-05-04,44996.55,44996.55,0,0,0,20.16,25.4,0,79.99
2022-05-05,44996.55,44996.55,0,0,0,17.15,31.2,0,79.99
2022-05-06,44996.55,44996.55,0,0,0,16.56,30.2,0,79.99
2022-05-09,44996.55,44996.55,0,0,0,14.6,34.8,0,79.99
2022-05-10,44996.55,44996.55,0,0,0,15.1,33.0,0,79.99
2022-05-11,44996.55,44996.55,0,0,0,13.76,32.6,0,79.99
2022-05-12,44996.55,44996.55,0,0,0,13.65,31.8,0,79.99
2022-05-13,44996.55,44996.55,0,0,0,15.13,28.9,0,79.99
2022-05-16,44996.55,44996.55,0,0,0,14.66,27.5,0,79.99
2022-05-17,44996.55,44996.55,0,0,0,15.77,26.1,0,79.99
2022-05-18,44996.55,44996.55,0,0,0,13.47,31.0,0,79.99
2022-05-19,44996.55,44996.55,0,0,0,13.19,29.4,0,79.99
2022-05-20,44996.55,44996.55,0,0,0,13.08,29.4,0,79.99
2022-05-23,44996.55,44996.55,0,0,0,13.72,28.5,0,79.99
2022-05-24,44996.55,44996.55,0,0,0,12.87,29.5,0,79.99
2022-05-25,44996.55,44996.55,0,0,0,13.38,28.4,0,79.99
2022-05-26,44996.55,44996.55,0,0,0,14.5,27.5,0,79.99
2022-05-27,44996.55,44996.55,0,0,0,15.92,25.7,0,79.99
2022-05-31,44996.55,44996.55,0,0,0,15.81,26.2,0,79.99
2022-06-01,44996.55,44996.55,0,0,0,15.44,25.7,0,79.99
2022-06-02,44996.55,44996.55,0,0,0,16.69,24.7,0,79.99
2022-06-03,44996.55,44996.55,0,0,0,15.37,24.8,0,79.99
2022-06-06,44996.55,44996.55,0,0,0,15.57,25.1,0,79.99
2022-06-07,44996.55,44996.55,0,0,0,15.94,24.0,0,79.99
2022-06-08,44996.55,44996.55,0,0,0,15.62,24.0,0,79.99
2022-06-09,44996.55,44996.55,0,0,0,14.35,26.1,0,79.99
2022-06-10,44996.55,44996.55,0,0,0,12.82,27.8,0,79.99
2022-06-13,44996.55,44996.55,0,0,0,11.04,34.0,0,79.99
2022-06-14,44996.55,44996.55,0,0,0,11.11,32.7,0,79.99
2022-06-15,44996.55,44996.55,0,0,0,11.91,29.6,0,79.99
2022-06-16,44996.55,44996.55,0,0,0,10.46,33.0,0,79.99
2022-06-17,44996.55,44996.55,0,0,0,10.84,31.1,0,79.99
2022-06-21,44996.55,44996.55,0,0,0,11.66,30.2,0,79.99
2022-06-22,44996.55,44996.55,0,0,0,11.62,29.0,0,79.99
2022-06-23,44996.55,44996.55,0,0,0,12.12,29.0,0,79.99
2022-06-24,44996.55,44996.55,0,0,0,13.38,27.2,0,79.99
2022-06-27,44996.55,44996.55,0,0,0,13.07,27.0,0,79.99
2022-06-28,44996.55,44996.55,0,0,0,11.88,28.4,0,79.99
2022-06-29,44996.55,44996.55,0,0,0,11.9,28.2,0,79.99
2022-06-30,44996.55,44996.55,0,0,0,11.48,28.7,0,79.99
2022-07-01,44996.55,44996.55,0,0,0,11.67,26.7,0,79.99
2022-07-05,44996.55,44996.55,0,0,0,12.27,27.5,0,79.99
2022-07-06,44996.55,44996.55,0,0,0,12.5,26.7,0,79.99
2022-07-07,44996.55,44996.55,0,0,0,13.28,26.1,0,79.99
2022-07-08,44996.55,44996.55,0,0,0,13.34,24.6,0,79.99
2022-07-11,44996.55,44996.55,0,0,0,12.49,26.2,0,79.99
2022-07-12,44996.55,44996.55,0,0,0,12.13,27.3,0,79.99
2022-07-13,44996.55,44996.55,0,0,0,12.05,26.8,0,79.99
2022-07-14,44996.55,44996.55,0,0,0,12.17,26.4,0,79.99
2022-07-15,44996.55,44996.55,0,0,0,12.82,24.2,0,79.99
2022-07-18,44996.55,44996.55,0,0,0,12.52,25.3,0,79.99
2022-07-19,44996.55,44996.55,0,0,0,13.61,24.5,0,79.99
2022-07-20,44996.55,44996.55,0,0,0,14.3,23.9,0,79.99
2022-07-21,44996.55,44996.55,0,0,0,14.91,23.1,0,79.99
2022-07-22,44996.55,44996.55,0,0,0,14.13,23.0,0,79.99
2022-07-25,44996.55,44996.55,0,0,0,13.92,23.4,0,79.99
2022-07-26,44996.55,44996.55,0,0,0,13.07,24.7,0,79.99
2022-07-27,44996.55,44996.55,0,0,0,14.7,23.2,0,79.99
2022-07-28,44996.55,44996.55,0,0,0,15.13,22.3,0,79.99
2022-07-29,44996.55,44996.55,0,0,0,15.96,21.3,0,79.99
2022-08-01,44996.55,44996.55,0,0,0,15.93,22.8,0,79.99
2022-08-02,44996.55,44996.55,0,0,0,15.79,23.9,0,79.99
2022-08-03,44996.55,44996.55,0,0,0,17.05,22.0,0,79.99
2022-08-04,44996.55,44996.55,0,0,0,17.29,21.4,0,79.99
2022-08-05,44996.55,44996.55,0,0,0,16.88,21.1,0,79.99
2022-08-08,44996.55,44996.55,0,0,0,16.71,21.3,0,79.99
2022-08-09,44996.55,44996.55,0,0,0,16.13,21.8,0,79.99
2022-08-10,44996.55,44996.55,0,0,0,17.46,19.7,0,79.99
2022-08-11,44996.55,44996.55,0,0,0,17.2,20.2,0,79.99
2022-08-12,44996.55,44996.55,0,0,0,18.17,19.5,0,79.99
2022-08-15,44996.55,44996.55,0,0,0,18.6,20.0,0,79.99
2022-08-16,44996.55,44996.55,0,0,0,18.48,19.7,0,79.99
2022-08-17,44996.55,44996.55,0,0,0,17.84,19.9,0,79.99
2022-08-18,44996.55,44996.55,0,0,0,17.96,19.6,0,79.99
2022-08-19,44996.55,44996.55,0,0,0,16.91,20.6,0,79.99
2022-08-22,44996.55,44996.55,0,0,0,15.58,23.8,0,79.99
2022-08-23,44996.55,44996.55,0,0,0,15.53,24.1,0,79.99
2022-08-24,44996.55,44996.55,0,0,0,15.65,22.8,0,79.99
2022-08-25,44996.55,44996.55,0,0,0,16.47,21.8,0,79.99
2022-08-26,44996.55,44996.55,0,0,0,14.47,25.6,0,79.99
2022-08-29,44996.55,44996.55,0,0,0,14.02,26.2,0,79.99
2022-08-30,44996.55,44996.55,0,0,0,13.55,26.2,0,79.99
2022-08-31,44996.55,44996.55,0,0,0,13.3,25.9,0,79.99
2022-09-01,44996.55,44996.55,0,0,0,13.32,25.6,0,79.99
2022-09-02,44996.55,44996.55,0,0,0,12.76,25.5,0,79.99
2022-09-06,44996.55,44996.55,0,0,0,12.47,26.9,0,79.99
2022-09-07,44996.55,44996.55,0,0,0,13.21,24.6,0,79.99
2022-09-08,44996.55,44996.55,0,0,0,13.42,23.6,0,79.99
2022-09-09,44996.55,44996.55,0,0,0,14.27,22.8,0,79.99
2022-09-12,44996.55,44996.55,0,0,0,14.8,23.9,0,79.99
2022-09-13,44996.55,44996.55,0,0,0,12.36,27.3,0,79.99
2022-09-14,44996.55,44996.55,0,0,0,12.64,26.2,0,79.99
2022-09-15,44996.55,44996.55,0,0,0,12.0,26.3,0,79.99
2022-09-16,44996.55,44996.55,0,0,0,11.77,26.3,0,79.99
2022-09-19,44996.55,44996.55,0,0,0,12.05,25.8,0,79.99
2022-09-20,44996.55,44996.55,0,0,0,11.76,27.2,0,79.99
2022-09-21,44996.55,44996.55,0,0,0,11.12,28.0,0,79.99
2022-09-22,44996.55,44996.55,0,0,0,10.71,27.4,0,79.99
2022-09-23,44996.55,44996.55,0,0,0,10.19,29.9,0,79.99
2022-09-26,44996.55,44996.55,0,0,0,10.06,32.3,0,79.99
2022-09-27,44996.55,44996.55,0,0,0,10.06,32.6,0,79.99
2022-09-28,44996.55,44996.55,0,0,0,10.65,30.2,0,79.99
2022-09-29,44996.55,44996.55,0,0,0,9.75,31.8,0,79.99
2022-09-30,44996.55,44996.55,0,0,0,9.24,31.6,0,79.99
2022-10-03,44996.55,44996.55,0,0,0,9.88,30.1,0,79.99
2022-10-04,44996.55,44996.55,0,0,0,10.8,29.1,0,79.99
2022-10-05,44996.55,44996.55,0,0,0,10.8,28.5,0,79.99
2022-10-06,44996.55,44996.55,0,0,0,10.53,30.5,0,79.99
2022-10-07,44996.55,44996.55,0,0,0,9.33,31.4,0,79.99
2022-10-10,44996.55,44996.55,0,0,0,9.04,32.5,0,79.99
2022-10-11,44996.55,44996.55,0,0,0,8.68,33.6,0,79.99
2022-10-12,44996.55,44996.55,0,0,0,8.66,33.6,0,79.99
2022-10-13,44996.55,44996.55,0,0,0,9.24,31.9,0,79.99
2022-10-14,44996.55,44996.55,0,0,0,8.4,32.0,0,79.99
2022-10-17,44996.55,44996.55,0,0,0,9.23,31.4,0,79.99
2022-10-18,44996.55,44996.55,0,0,0,9.46,30.5,0,79.99
2022-10-19,44996.55,44996.55,0,0,0,9.35,30.8,0,79.99
2022-10-20,44996.55,44996.55,0,0,0,9.19,30.0,0,79.99
2022-10-21,44996.55,44996.55,0,0,0,9.84,29.7,0,79.99
2022-10-24,44996.55,44996.55,0,0,0,10.17,29.9,0,79.99
2022-10-25,44996.55,44996.55,0,0,0,10.79,28.5,0,79.99
2022-10-26,44996.55,44996.55,0,0,0,10.07,27.3,0,79.99
2022-10-27,44996.55,44996.55,0,0,0,9.52,27.4,0,79.99
2022-10-28,44996.55,44996.55,0,0,0,10.38,25.8,0,79.99
2022-10-31,44996.55,44996.55,0,0,0,10.02,25.9,0,79.99
2022-11-01,44996.55,44996.55,0,0,0,9.71,25.8,0,79.99
2022-11-02,44996.55,44996.55,0,0,0,8.71,25.9,0,79.99
2022-11-03,44996.55,44996.55,0,0,0,8.2,25.3,0,79.99
2022-11-04,44996.55,44996.55,0,0,0,8.59,24.5,0,79.99
2022-11-07,44996.55,44996.55,0,0,0,8.86,24.4,0,79.99
2022-11-08,44996.55,44996.55,0,0,0,9.05,25.5,0,79.99
2022-11-09,44996.55,44996.55,0,0,0,8.42,26.1,0,79.99
2022-11-10,44996.55,44996.55,0,0,0,10.26,23.5,0,79.99
2022-11-11,44996.55,44996.55,0,0,0,10.84,22.5,0,79.99
2022-11-14,44996.55,44996.55,0,0,0,10.56,23.7,0,79.99
2022-11-15,44996.55,44996.55,0,0,0,10.98,24.5,0,79.99
2022-11-16,44996.55,44996.55,0,0,0,10.54,24.1,0,79.99
2022-11-17,44996.55,44996.55,0,0,0,10.46,23.9,0,79.99
2022-11-18,44996.55,44996.55,0,0,0,10.45,23.1,0,79.99
2022-11-21,44996.55,44996.55,0,0,0,10.13,22.4,0,79.99
2022-11-22,44996.55,44996.55,0,0,0,10.56,21.3,0,79.99
2022-11-23,44996.55,44996.55,0,0,0,10.87,20.4,0,79.99
2022-11-25,44996.55,44996.55,0,0,0,10.65,20.5,0,79.99
2022-11-28,44996.55,44996.55,0,0,0,10.18,22.2,0,79.99
2022-11-29,44996.55,44996.55,0,0,0,9.94,21.9,0,79.99
2022-11-30,44996.55,44996.55,0,0,0,11.27,20.6,0,79.99
2022-12-01,44996.55,44996.55,0,0,0,11.33,19.8,0,79.99
2022-12-02,44996.55,44996.55,0,0,0,11.2,19.1,0,79.99
2022-12-05,44996.55,44996.55,0,0,0,10.63,20.8,0,79.99
2022-12-06,44996.55,44996.55,0,0,0,9.96,22.2,0,79.99
2022-12-07,44996.55,44996.55,0,0,0,9.84,22.7,0,79.99
2022-12-08,44996.55,44996.55,0,0,0,10.19,22.3,0,79.99
2022-12-09,44996.55,44996.55,0,0,0,9.99,22.8,0,79.99
2022-12-12,44996.55,44996.55,0,0,0,10.36,25.0,0,79.99
2022-12-13,44996.55,44996.55,0,0,0,10.68,22.5,0,79.99
2022-12-14,44996.55,44996.55,0,0,0,10.43,21.1,0,79.99
2022-12-15,44996.55,44996.55,0,0,0,9.39,22.8,0,79.99
2022-12-16,44996.55,44996.55,0,0,0,9.12,22.6,0,79.99
2022-12-19,44996.55,44996.55,0,0,0,8.74,22.4,0,79.99
2022-12-20,44996.55,44996.55,0,0,0,8.7,21.5,0,79.99
2022-12-21,44996.55,44996.55,0,0,0,9.08,20.1,0,79.99
2022-12-22,44996.55,44996.55,0,0,0,8.43,22.0,0,79.99
2022-12-23,44996.55,44996.55,0,0,0,8.46,20.9,0,79.99
2022-12-27,44996.55,44996.55,0,0,0,8.1,21.6,0,79.99
2022-12-28,44996.55,44996.55,0,0,0,7.77,22.1,0,79.99
2022-12-29,44996.55,44996.55,0,0,0,8.32,21.4,0,79.99
2022-12-30,44996.55,44996.55,0,0,0,8.32,21.7,0,79.99
2023-01-03,44996.55,44996.55,0,0,0,8.13,22.9,0,79.99
2023-01-04,44996.55,44996.55,0,0,0,8.26,22.0,0,79.99
2023-01-05,44996.55,44996.55,0,0,0,7.87,22.5,0,79.99
2023-01-06,44996.55,44996.55,0,0,0,8.48,21.1,0,79.99
2023-01-09,44996.55,44996.55,0,0,0,8.66,22.0,0,79.99
2023-01-10,44996.55,44996.55,0,0,0,8.89,20.6,0,79.99
2023-01-11,44996.55,44996.55,0,0,0,9.33,21.1,0,79.99
2023-01-12,44996.55,44996.55,0,0,0,9.48,18.8,0,79.99
2023-01-13,44996.55,44996.55,0,0,0,9.66,18.4,0,79.99
2023-01-17,44996.55,44996.55,0,0,0,9.72,19.4,0,79.99
2023-01-18,44996.55,44996.55,0,0,0,9.36,20.3,0,79.99
2023-01-19,44996.55,44996.55,0,0,0,9.06,20.5,0,79.99
2023-01-20,44996.55,44996.55,0,0,0,9.8,19.9,0,79.99
2023-01-23,44996.55,44996.55,0,0,0,10.45,19.8,0,79.99
2023-01-24,44996.55,44996.55,0,0,0,10.39,19.2,0,79.99
2023-01-25,44996.55,44996.55,0,0,0,10.31,19.1,0,79.99
2023-01-26,44996.55,44996.55,0,0,0,10.91,18.7,0,79.99
2023-01-27,44996.55,44996.55,0,0,0,11.22,18.5,0,79.99
2023-01-30,44996.55,44996.55,0,0,0,10.54,19.9,0,79.99
2023-01-31,44996.55,44996.55,0,0,0,11.02,19.4,0,79.99
2023-02-01,44996.55,44996.55,0,0,0,11.73,17.9,0,79.99
2023-02-02,44996.55,44996.55,0,0,0,12.94,18.7,1,79.99
2023-02-03,44996.55,44996.55,0,0,0,12.27,18.3,0,79.99
2023-02-06,44996.55,44996.55,0,0,0,11.96,19.4,0,79.99
2023-02-07,44996.55,44996.55,0,0,0,12.7,18.7,1,79.99
2023-02-08,44996.55,44996.55,0,0,0,12.02,19.6,0,79.99
2023-02-09,44996.55,44996.55,0,0,0,11.69,20.7,0,79.99
2023-02-10,44996.55,44996.55,0,0,0,11.45,20.5,0,79.99
2023-02-13,44996.55,44996.55,0,0,0,12.0,20.3,0,79.99
2023-02-14,44996.55,44996.55,0,0,0,12.26,18.9,1,79.99
2023-02-15,44996.55,44996.55,0,0,0,12.53,18.2,1,79.99
2023-02-16,44996.55,44996.55,0,0,0,11.81,20.2,0,79.99
2023-02-17,44996.55,44996.55,0,0,0,11.56,20.0,0,79.99
2023-02-21,44996.55,44996.55,0,0,0,10.75,22.9,0,79.99
2023-02-22,44996.55,44996.55,0,0,0,10.76,22.3,0,79.99
2023-02-23,44996.55,44996.55,0,0,0,11.03,21.1,0,79.99
2023-02-24,44996.55,44996.55,0,0,0,10.47,21.7,0,79.99
2023-02-27,44996.55,44996.55,0,0,0,10.69,21.0,0,79.99
2023-02-28,44996.55,44996.55,0,0,0,10.64,20.7,0,79.99
2023-03-01,44996.55,44996.55,0,0,0,10.38,20.6,0,79.99
2023-03-02,44996.55,44996.55,0,0,0,10.63,19.6,0,79.99
2023-03-03,44996.55,44996.55,0,0,0,11.28,18.5,0,79.99
2023-03-06,44996.55,44996.55,0,0,0,11.33,18.6,0,79.99
2023-03-07,44996.55,44996.55,0,0,0,10.91,19.6,0,79.99
2023-03-08,44996.55,44996.55,0,0,0,11.05,19.1,0,79.99
2023-03-09,44996.55,44996.55,0,0,0,10.47,22.6,0,79.99
2023-03-10,44996.55,44996.55,0,0,0,10.04,24.8,0,79.99
2023-03-13,44996.55,44996.55,0,0,0,10.26,26.5,0,79.99
2023-03-14,44996.55,44996.55,0,0,0,10.95,23.7,0,79.99
2023-03-15,44996.55,44996.55,0,0,0,11.11,26.1,0,79.99
2023-03-16,44996.55,44996.55,0,0,0,11.99,23.0,1,79.99
2023-03-17,44996.55,44996.55,0,0,0,11.81,25.5,1,79.99
2023-03-20,9110.19,9504.94,0,1,0,11.94,24.1,1,-63.56
2023-03-21,45513.43,45513.43,0,0,0,12.44,21.4,1,82.05
2023-03-22,45513.43,45513.43,0,0,0,11.94,22.3,1,82.05
2023-03-23,45513.43,45513.43,0,0,0,12.36,22.6,1,82.05
2023-03-24,45513.43,45513.43,0,0,0,12.49,21.7,1,82.05
2023-03-27,9864.02,10177.07,0,1,0,12.23,20.6,1,-60.54
2023-03-28,9881.95,10177.07,0,1,0,12.03,20.0,1,-60.47
2023-03-29,46020.09,46020.09,0,0,0,12.69,19.1,1,84.08
2023-03-30,46020.09,46020.09,0,0,0,13.03,19.0,1,84.08
2023-03-31,46020.09,46020.09,0,0,0,13.67,18.7,1,84.08
2023-04-03,10177.39,11225.17,0,1,0,13.57,18.5,1,-59.29
2023-04-04,10170.95,11225.17,0,1,0,13.44,19.0,1,-59.32
2023-04-05,9903.73,11225.17,0,1,0,13.01,19.1,1,-60.39
2023-04-06,10244.99,11225.17,0,1,0,13.27,18.4,1,-59.02
2023-04-10,9668.34,9886.32,0,1,0,13.24,19.0,1,-61.33
2023-04-11,9661.03,9886.32,0,1,0,12.98,19.1,1,-61.36
2023-04-12,9614.06,9886.32,0,1,0,12.64,19.1,1,-61.54
2023-04-13,47407.87,47407.87,0,0,0,13.36,17.8,1,89.63
2023-04-14,47407.87,47407.87,0,0,0,13.29,17.1,1,89.63
2023-04-17,9857.29,10013.56,0,1,0,13.3,17.0,1,-60.57
2023-04-18,47482.63,47482.63,0,0,0,13.31,16.8,1,89.93
2023-04-19,47482.63,47482.63,0,0,0,13.28,16.5,1,89.93
2023-04-20,47482.63,47482.63,0,0,0,12.97,17.2,1,89.93
2023-04-21,47482.63,47482.63,0,0,0,13.0,16.8,1,89.93
2023-04-24,9833.35,9938.51,0,1,0,12.92,16.9,1,-60.67
2023-04-25,47177.37,47177.37,0,0,0,12.19,18.8,1,88.71
2023-04-26,47177.37,47177.37,0,0,0,12.39,18.8,1,88.71
2023-04-27,47177.37,47177.37,0,0,0,13.39,17.0,1,88.71
2023-04-28,47177.37,47177.37,0,0,0,13.66,15.8,1,88.71
2023-05-01,9953.48,10107.89,0,1,0,13.62,16.1,1,-60.19
2023-05-02,9904.17,10107.89,0,1,0,13.26,17.8,1,-60.38
2023-05-03,9893.77,10107.89,0,1,0,13.0,18.3,1,-60.42
2023-05-04,9975.1,10107.89,0,1,0,12.86,20.1,1,-60.1
2023-05-05,47301.78,47301.78,0,0,0,13.64,17.2,1,89.21
2023-05-08,9721.39,9931.65,0,1,0,13.75,17.0,1,-61.11
2023-05-09,9713.75,9931.65,0,1,0,13.49,17.7,1,-61.15
2023-05-10,47596.8,47596.8,0,0,0,13.92,16.9,1,90.39
2023-05-11,47596.8,47596.8,0,0,0,14.04,16.9,1,90.39
2023-05-12,47596.8,47596.8,0,0,0,13.89,17.0,1,90.39
2023-05-15,10337.37,10502.26,0,1,0,14.11,17.1,1,-58.65
2023-05-16,47698.68,47698.68,0,0,0,14.16,18.0,1,90.79
2023-05-17,47698.68,47698.68,0,0,0,14.67,16.9,1,90.79
2023-05-18,47698.68,47698.68,0,0,0,15.46,16.0,1,90.79
2023-05-19,47698.68,47698.68,0,0,0,15.35,16.8,1,90.79
2023-05-22,9562.79,9767.29,0,1,0,15.51,17.2,1,-61.75
2023-05-23,9415.46,9767.29,0,1,0,14.91,18.5,1,-62.34
2023-05-24,9424.18,9767.29,0,1,0,14.67,20.0,1,-62.3
2023-05-25,48049.24,48049.24,0,0,0,15.73,19.1,1,92.2
2023-05-26,48049.24,48049.24,0,0,0,16.92,18.0,1,92.2
2023-05-30,48049.24,48049.24,0,0,0,17.15,17.5,1,92.2
2023-05-31,48049.24,48049.24,0,0,0,16.81,17.9,1,92.2
2023-06-01,48049.24,48049.24,0,0,0,17.42,15.6,1,92.2
2023-06-02,48049.24,48049.24,0,0,0,17.81,14.6,1,92.2
2023-06-05,10673.9,10832.58,0,1,0,17.85,14.7,1,-57.3
2023-06-06,48130.47,48130.47,0,0,0,17.83,14.0,1,92.52
2023-06-07,48130.47,48130.47,0,0,0,16.92,13.9,1,92.52
2023-06-08,48130.47,48130.47,0,0,0,17.5,13.6,1,92.52
2023-06-09,48130.47,48130.47,0,0,0,17.71,13.8,1,92.52
2023-06-12,10840.64,11071.03,0,1,0,18.62,15.0,1,-56.64
2023-06-13,48398.77,48398.77,0,0,0,19.03,14.6,1,93.6
2023-06-14,48398.77,48398.77,0,0,0,19.44,13.9,1,93.6
2023-06-15,48398.77,48398.77,0,0,0,20.12,14.5,1,93.6
2023-06-16,48398.77,48398.77,0,0,0,19.73,13.5,1,93.6
2023-06-20,48398.77,48398.77,0,0,0,19.64,13.9,1,93.6
2023-06-21,48398.77,48398.77,0,0,0,18.85,13.2,1,93.6
2023-06-22,48398.77,48398.77,0,0,0,19.47,12.9,1,93.6
2023-06-23,48398.77,48398.77,0,0,0,18.9,13.4,1,93.6
2023-06-26,10387.42,10621.95,0,1,0,18.15,14.2,1,-58.45
2023-06-27,48757.5,48757.5,0,0,0,19.05,13.7,1,95.03
2023-06-28,48757.5,48757.5,0,0,0,19.16,13.4,1,95.03
2023-06-29,48757.5,48757.5,0,0,0,19.03,13.5,1,95.03
2023-06-30,48757.5,48757.5,0,0,0,19.89,13.6,1,95.03
2023-07-03,10463.38,10647.38,0,1,0,20.03,13.6,1,-58.15
2023-07-05,48992.83,48992.83,0,0,0,20.01,14.2,1,95.97
2023-07-06,48992.83,48992.83,0,0,0,19.54,15.4,1,95.97
2023-07-07,48992.83,48992.83,0,0,0,19.34,14.8,1,95.97
2023-07-10,10215.58,10349.37,0,1,0,19.36,15.1,1,-59.14
2023-07-11,49128.12,49128.12,0,0,0,19.63,14.8,1,96.51
2023-07-12,49128.12,49128.12,0,0,0,20.36,13.5,1,96.51
2023-07-13,49128.12,49128.12,0,0,0,21.38,13.6,1,96.51
2023-07-14,49128.12,49128.12,0,0,0,21.36,13.3,1,96.51
2023-07-17,11159.18,11290.46,0,1,0,21.95,13.5,1,-55.36
2023-07-18,49292.83,49292.83,0,0,0,22.47,13.3,1,97.17
2023-07-19,49292.83,49292.83,0,0,0,22.47,13.8,1,97.17
2023-07-20,49292.83,49292.83,0,0,0,20.9,14.0,1,97.17
2023-07-21,49292.83,49292.83,0,0,0,20.71,13.6,1,97.17
2023-07-24,11427.09,11588.43,0,1,0,20.79,13.9,1,-54.29
2023-07-25,49481.25,49481.25,0,0,0,21.21,13.9,1,97.93
2023-07-26,49481.25,49481.25,0,0,0,20.99,13.2,1,97.93
2023-07-27,49481.25,49481.25,0,0,0,20.81,14.4,1,97.93
2023-07-28,49481.25,49481.25,0,0,0,21.94,13.3,1,97.93
2023-07-31,11453.59,11571.01,0,1,0,21.98,13.6,1,-54.19
2023-08-01,49507.47,49507.47,0,0,0,21.81,13.9,1,98.03
2023-08-02,49507.47,49507.47,0,0,0,20.39,16.1,1,98.03
2023-08-03,49507.47,49507.47,0,0,0,20.24,15.9,1,98.03
2023-08-04,49507.47,49507.47,0,0,0,19.96,17.1,1,98.03
2023-08-07,10397.45,10607.5,0,1,0,20.45,15.8,1,-58.41
2023-08-08,10349.01,10607.5,0,1,0,19.93,16.0,1,-58.6
2023-08-09,10213.0,10607.5,0,1,0,19.27,16.0,1,-59.15
2023-08-10,49583.08,49583.08,0,0,0,19.35,15.9,1,98.33
2023-08-11,49583.08,49583.08,0,0,0,18.97,14.8,1,98.33
2023-08-14,10329.89,10508.31,0,1,0,19.6,14.8,1,-58.68
2023-08-15,10248.52,10508.31,0,1,0,18.99,16.5,1,-59.01
2023-08-16,10093.34,10508.31,0,1,0,18.36,16.8,1,-59.63
2023-08-17,49025.56,49025.56,0,0,0,17.74,17.9,1,96.1
2023-08-18,49025.56,49025.56,0,0,0,17.66,17.3,1,96.1
2023-08-21,10252.6,10421.34,0,1,0,18.51,17.1,1,-58.99
2023-08-22,49090.97,49090.97,0,0,0,18.43,17.0,1,96.36
2023-08-23,49090.97,49090.97,0,0,0,19.3,16.0,1,96.36
2023-08-24,49090.97,49090.97,0,0,0,18.03,17.2,1,96.36
2023-08-25,49090.97,49090.97,0,0,0,18.46,15.7,1,96.36
2023-08-28,11294.74,11528.31,0,1,0,18.87,15.1,1,-54.82
2023-08-29,49474.42,49474.42,0,0,0,20.07,14.4,1,97.9
2023-08-30,49474.42,49474.42,0,0,0,20.41,13.9,1,97.9
2023-08-31,49474.42,49474.42,0,0,0,20.59,13.6,1,97.9
2023-09-01,49474.42,49474.42,0,0,0,20.52,13.1,1,97.9
2023-09-05,49474.42,49474.42,0,0,0,20.57,14.0,1,97.9
2023-09-06,49474.42,49474.42,0,0,0,20.03,14.4,1,97.9
2023-09-07,49474.42,49474.42,0,0,0,19.59,14.4,1,97.9
2023-09-08,49474.42,49474.42,0,0,0,19.65,13.8,1,97.9
2023-09-11,10624.0,10859.1,0,1,0,20.32,13.8,1,-57.5
2023-09-12,10526.31,10859.1,0,1,0,19.67,14.2,1,-57.89
2023-09-13,49622.27,49622.27,0,0,0,19.86,13.5,1,98.49
2023-09-14,49622.27,49622.27,0,0,0,20.33,12.8,1,98.49
2023-09-15,49622.27,49622.27,0,0,0,19.29,13.8,1,98.49
2023-09-18,10903.3,11136.01,0,1,0,19.33,14.0,1,-56.39
2023-09-19,49707.27,49707.27,0,0,0,19.21,14.1,1,98.83
2023-09-20,49707.27,49707.27,0,0,0,18.38,15.1,1,98.83
2023-09-21,49707.27,49707.27,0,0,0,17.33,17.5,1,98.83
2023-09-22,49707.27,49707.27,0,0,0,17.35,17.2,1,98.83
2023-09-25,11296.6,11462.87,0,1,0,17.58,16.9,1,-54.81
2023-09-26,11105.81,11462.87,0,1,0,16.79,18.9,1,-55.58
2023-09-27,11284.34,11462.87,0,1,0,16.89,18.2,1,-54.86
2023-09-28,49967.86,49967.86,0,0,0,17.3,17.3,1,99.87
2023-09-29,49967.86,49967.86,0,0,0,17.34,17.5,1,99.87
2023-10-02,11163.75,11291.5,0,1,0,17.76,17.6,1,-55.35
2023-10-03,49687.62,49687.62,0,0,0,16.82,19.8,1,98.75
2023-10-04,49687.62,49687.62,0,0,0,17.5,18.6,1,98.75
2023-10-05,49687.62,49687.62,0,0,0,17.31,18.5,1,98.75
2023-10-06,49687.62,49687.62,0,0,0,18.18,17.5,1,98.75
2023-10-09,11043.12,11266.44,0,1,0,18.45,17.7,1,-55.83
2023-10-10,49920.54,49920.54,0,0,0,18.75,17.0,1,99.68
2023-10-11,49920.54,49920.54,0,0,0,19.15,16.1,1,99.68
2023-10-12,49920.54,49920.54,0,0,0,18.93,16.7,1,99.68
2023-10-13,49920.54,49920.54,0,0,0,18.21,19.3,1,99.68
2023-10-16,10491.39,10708.04,0,1,0,18.83,17.2,1,-58.03
2023-10-17,10536.16,10708.04,0,1,0,18.65,17.9,1,-57.86
2023-10-18,10376.4,10708.04,0,1,0,17.86,19.2,1,-58.49
2023-10-19,10298.77,10708.04,0,1,0,17.38,21.4,1,-58.8
2023-10-20,48882.72,10708.04,2300,0,0,16.6,21.7,1,95.53
2023-10-23,49195.67,11366.95,2300,0,1,16.74,20.4,1,96.78
2023-10-24,50025.18,11366.95,2300,0,1,17.22,19.0,1,100.1
2023-10-25,47994.76,11366.95,2300,0,1,15.96,20.2,1,91.98
2023-10-26,45924.54,11366.95,2300,0,1,15.03,20.7,0,83.7
2023-10-27,47076.25,12025.86,2300,0,0,15.24,21.3,0,88.31
2023-10-30,48184.27,12820.13,2300,0,1,15.73,19.8,0,92.74
2023-10-31,48691.27,12820.13,2300,0,1,15.96,18.1,1,94.77
2023-11-01,49820.28,12820.13,2300,0,1,16.78,16.9,1,99.28
2023-11-02,50400.19,12820.13,2300,0,1,17.67,15.7,1,101.6
2023-11-03,51243.06,51243.06,0,0,0,18.3,14.9,1,104.97
2023-11-06,10801.4,11154.93,0,1,0,18.51,14.9,1,-56.79
2023-11-07,51672.74,51672.74,0,0,0,19.03,14.8,1,106.69
2023-11-08,51672.74,51672.74,0,0,0,19.06,14.4,1,106.69
2023-11-09,51672.74,51672.74,0,0,0,18.61,15.3,1,106.69
2023-11-10,51672.74,51672.74,0,0,0,19.85,14.2,1,106.69
2023-11-13,10480.65,10881.17,0,1,0,19.67,14.8,1,-58.08
2023-11-14,52314.55,52314.55,0,0,0,20.91,14.2,1,109.26
2023-11-15,52314.55,52314.55,0,0,0,20.96,14.2,1,109.26
2023-11-16,52314.55,52314.55,0,0,0,21.0,14.3,1,109.26
2023-11-17,52314.55,52314.55,0,0,0,21.01,13.8,1,109.26
2023-11-20,10703.56,11043.78,0,1,0,21.76,13.4,1,-57.19
2023-11-21,10710.71,11043.78,0,1,0,21.37,13.4,1,-57.16
2023-11-22,52697.07,52697.07,0,0,0,21.62,12.9,1,110.79
2023-11-24,52697.07,52697.07,0,0,0,21.51,12.5,1,110.79
2023-11-27,11690.86,11797.42,0,1,0,21.45,12.7,1,-53.24
2023-11-28,52786.27,52786.27,0,0,0,21.62,12.7,1,111.15
2023-11-29,52786.27,52786.27,0,0,0,21.54,13.0,1,111.15
2023-11-30,52786.27,52786.27,0,0,0,21.36,12.9,1,111.15
2023-12-01,52786.27,52786.27,0,0,0,21.54,12.6,1,111.15
2023-12-04,10870.34,10952.24,0,1,0,20.93,13.1,1,-56.52
2023-12-05,52846.5,52846.5,0,0,0,21.08,12.9,1,111.39
2023-12-06,52846.5,52846.5,0,0,0,20.7,13.0,1,111.39
2023-12-07,52846.5,52846.5,0,0,0,21.57,13.1,1,111.39
2023-12-08,52846.5,52846.5,0,0,0,21.83,12.4,1,111.39
2023-12-11,12091.61,12133.83,0,1,0,22.38,12.6,1,-51.63
2023-12-12,52881.78,52881.78,0,0,0,22.92,12.1,1,111.53
2023-12-13,52881.78,52881.78,0,0,0,23.73,12.2,1,111.53
2023-12-14,52881.78,52881.78,0,0,0,23.69,12.5,1,111.53
2023-12-15,52881.78,52881.78,0,0,0,23.97,12.3,1,111.53
2023-12-18,12773.09,12800.16,0,1,0,24.48,12.6,1,-48.91
2023-12-19,52891.55,52891.55,0,0,0,24.84,12.5,1,111.57
2023-12-20,52891.55,52891.55,0,0,0,23.74,13.7,1,111.57
2023-12-21,52891.55,52891.55,0,0,0,24.52,13.6,1,111.57
2023-12-22,52891.55,52891.55,0,0,0,24.62,13.0,1,111.57
2023-12-26,52891.55,52891.55,0,0,0,25.07,13.0,1,111.57
2023-12-27,52891.55,52891.55,0,0,0,25.2,12.4,1,111.57
2023-12-28,52891.55,52891.55,0,0,0,25.14,12.5,1,111.57
2023-12-29,52891.55,52891.55,0,0,0,24.79,12.4,1,111.57
2024-01-02,52891.55,52891.55,0,0,0,23.54,13.2,1,111.57
2024-01-03,52891.55,52891.55,0,0,0,22.78,14.0,1,111.57
2024-01-04,52891.55,52891.55,0,0,0,22.4,14.1,1,111.57
2024-01-05,52891.55,52891.55,0,0,0,22.48,13.4,1,111.57
2024-01-08,11654.02,11779.05,0,1,0,23.84,13.1,1,-53.38
2024-01-09,52997.38,52997.38,0,0,0,24.0,12.8,1,111.99
2024-01-10,52997.38,52997.38,0,0,0,24.47,12.7,1,111.99
2024-01-11,52997.38,52997.38,0,0,0,24.59,12.4,1,111.99
2024-01-12,52997.38,52997.38,0,0,0,24.62,12.7,1,111.99
2024-01-16,52997.38,52997.38,0,0,0,24.6,13.8,1,111.99
2024-01-17,52997.38,52997.38,0,0,0,24.18,14.8,1,111.99
2024-01-18,52997.38,52997.38,0,0,0,25.21,14.1,1,111.99
2024-01-19,52997.38,52997.38,0,0,0,26.67,13.3,1,111.99
2024-01-22,11554.02,11680.86,0,1,0,26.78,13.2,1,-53.78
2024-01-23,53129.21,53129.21,0,0,0,27.1,12.6,1,112.52
2024-01-24,53129.21,53129.21,0,0,0,27.54,13.1,1,112.52
2024-01-25,53129.21,53129.21,0,0,0,27.62,13.4,1,112.52
2024-01-26,53129.21,53129.21,0,0,0,27.11,13.3,1,112.52
2024-01-29,12478.95,12609.2,0,1,0,27.91,13.6,1,-50.08
2024-01-30,12464.57,12609.2,0,1,0,27.35,13.3,1,-50.14
2024-01-31,52670.95,52670.95,0,0,0,25.74,14.4,1,110.68
2024-02-01,52670.95,52670.95,0,0,0,26.65,13.9,1,110.68
2024-02-02,52670.95,52670.95,0,0,0,27.99,13.9,1,110.68
2024-02-05,12106.14,12266.58,0,1,0,27.85,13.7,1,-51.58
2024-02-06,52737.45,52737.45,0,0,0,27.69,13.1,1,110.95
2024-02-07,52737.45,52737.45,0,0,0,28.51,12.8,1,110.95
2024-02-08,52737.45,52737.45,0,0,0,28.63,12.8,1,110.95
2024-02-09,52737.45,52737.45,0,0,0,29.47,12.9,1,110.95
2024-02-12,12965.74,13103.75,0,1,0,29.13,13.9,1,-48.14
2024-02-13,12756.3,13103.75,0,1,0,27.75,15.9,1,-48.97
2024-02-14,52858.42,52858.42,0,0,0,28.63,14.4,1,111.43
2024-02-15,52858.42,52858.42,0,0,0,28.87,14.0,1,111.43
2024-02-16,52858.42,52858.42,0,0,0,28.07,14.2,1,111.43
2024-02-20,52858.42,52858.42,0,0,0,27.42,15.4,1,111.43
2024-02-21,52858.42,52858.42,0,0,0,27.08,15.3,1,111.43
2024-02-22,52858.42,52858.42,0,0,0,29.42,14.5,1,111.43
2024-02-23,52858.42,52858.42,0,0,0,29.16,13.8,1,111.43
2024-02-26,13100.07,13365.28,0,1,0,29.12,13.7,1,-47.6
2024-02-27,53080.08,53080.08,0,0,0,29.3,13.4,1,112.32
2024-02-28,53080.08,53080.08,0,0,0,28.82,13.8,1,112.32
2024-02-29,53080.08,53080.08,0,0,0,29.52,13.4,1,112.32
2024-03-01,53080.08,53080.08,0,0,0,30.87,13.1,1,112.32
2024-03-04,11426.01,11596.02,0,1,0,30.5,13.5,1,-54.3
2024-03-05,11124.65,11596.02,0,1,0,28.87,14.5,1,-55.5
2024-03-06,11429.11,11596.02,0,1,0,29.4,14.5,1,-54.28
2024-03-07,53386.05,53386.05,0,0,0,30.72,14.4,1,113.54
2024-03-08,53386.05,53386.05,0,0,0,29.37,14.7,1,113.54
2024-03-11,11105.29,11394.55,0,1,0,29.03,15.2,1,-55.58
2024-03-12,53824.74,53824.74,0,0,0,30.26,13.8,1,115.3
2024-03-13,53824.74,53824.74,0,0,0,29.56,13.8,1,115.3
2024-03-14,53824.74,53824.74,0,0,0,29.32,14.4,1,115.3
2024-03-15,53824.74,53824.74,0,0,0,28.25,14.4,1,115.3
2024-03-18,11522.64,11815.03,0,1,0,29.04,14.3,1,-53.91
2024-03-19,54073.35,54073.35,0,0,0,29.24,13.8,1,116.29
2024-03-20,54073.35,54073.35,0,0,0,30.28,13.0,1,116.29
2024-03-21,54073.35,54073.35,0,0,0,30.67,12.9,1,116.29
2024-03-22,54073.35,54073.35,0,0,0,30.74,13.1,1,116.29
2024-03-25,12530.3,13238.1,0,1,0,30.42,13.2,1,-49.88
2024-03-26,12515.69,13238.1,0,1,0,30.14,13.2,1,-49.94
2024-03-27,12674.03,13238.1,0,1,0,30.4,12.8,1,-49.3
2024-03-28,12698.76,13238.1,0,1,0,30.21,13.0,1,-49.2
2024-04-01,13604.36,13726.9,0,1,0,30.4,13.6,1,-45.58
2024-04-02,13554.1,13726.9,0,1,0,29.58,14.6,1,-45.78
2024-04-03,55203.47,55203.47,0,0,0,29.78,14.3,1,120.81
2024-04-04,55203.47,55203.47,0,0,0,28.38,16.4,1,120.81
2024-04-05,55203.47,55203.47,0,0,0,29.38,16.0,1,120.81
2024-04-08,12384.34,12460.43,0,1,0,29.4,15.2,1,-50.46
2024-04-09,55277.39,55277.39,0,0,0,29.7,15.0,1,121.11
2024-04-10,55277.39,55277.39,0,0,0,28.92,15.8,1,121.11
2024-04-11,55277.39,55277.39,0,0,0,30.28,14.9,1,121.11
2024-04-12,55277.39,55277.39,0,0,0,28.82,17.3,1,121.11
2024-04-15,12917.72,13109.67,0,1,0,27.37,19.2,1,-48.33
2024-04-16,55404.14,55404.14,0,0,0,27.38,18.4,1,121.62
2024-04-17,55404.14,55404.14,0,0,0,26.36,18.2,1,121.62
2024-04-18,55404.14,55404.14,0,0,0,25.89,18.0,1,121.62
2024-04-19,55404.14,55404.14,0,0,0,24.28,18.7,1,121.62
2024-04-22,12176.5,12368.48,0,1,0,24.99,16.9,1,-51.29
2024-04-23,55703.27,55703.27,0,0,0,26.1,15.7,1,122.81
2024-04-24,55703.27,55703.27,0,0,0,26.36,16.0,1,122.81
2024-04-25,55703.27,55703.27,0,0,0,25.94,15.4,1,122.81
2024-04-26,55703.27,55703.27,0,0,0,27.13,15.0,1,122.81
2024-04-29,13214.54,13515.43,0,1,0,27.45,14.7,1,-47.14
2024-04-30,12806.03,13515.43,0,1,0,25.88,15.6,1,-48.78
2024-05-01,12699.92,13515.43,0,1,0,25.32,15.4,1,-49.2
2024-05-02,56008.16,56008.16,0,0,0,26.26,14.7,1,124.03
2024-05-03,56008.16,56008.16,0,0,0,27.83,13.5,1,124.03
2024-05-06,11530.22,11967.7,0,1,0,28.74,13.5,1,-53.88
2024-05-07,56273.61,56273.61,0,0,0,28.74,13.2,1,125.09
2024-05-08,56273.61,56273.61,0,0,0,28.69,13.0,1,125.09
2024-05-09,56273.61,56273.61,0,0,0,28.84,12.7,1,125.09
2024-05-10,56273.61,56273.61,0,0,0,29.04,12.6,1,125.09
2024-05-13,13697.44,13953.88,0,1,0,29.23,13.6,1,-45.21
2024-05-14,56571.78,56571.78,0,0,0,29.78,13.4,1,126.29
2024-05-15,56571.78,56571.78,0,0,0,31.15,12.4,1,126.29
2024-05-16,56571.78,56571.78,0,0,0,30.96,12.4,1,126.29
2024-05-17,56571.78,56571.78,0,0,0,30.89,12.0,1,126.29
2024-05-20,13521.42,13657.9,0,1,0,31.53,12.1,1,-45.91
2024-05-21,56690.81,56690.81,0,0,0,31.69,11.9,1,126.76
2024-05-22,56690.81,56690.81,0,0,0,31.67,12.3,1,126.76
2024-05-23,56690.81,56690.81,0,0,0,31.2,12.8,1,126.76
2024-05-24,56690.81,56690.81,0,0,0,32.07,11.9,1,126.76
2024-05-28,56690.81,56690.81,0,0,0,32.42,12.9,1,126.76
2024-05-29,56690.81,56690.81,0,0,0,31.74,14.3,1,126.76
2024-05-30,56690.81,56690.81,0,0,0,30.72,14.5,1,126.76
2024-05-31,56690.81,56690.81,0,0,0,30.69,12.9,1,126.76
2024-06-03,11556.46,11595.13,0,1,0,30.99,13.1,1,-53.77
2024-06-04,56714.89,56714.89,0,0,0,31.22,13.2,1,126.86
2024-06-05,56714.89,56714.89,0,0,0,33.1,12.6,1,126.86
2024-06-06,56714.89,56714.89,0,0,0,33.06,12.6,1,126.86
2024-06-07,56714.89,56714.89,0,0,0,32.94,12.2,1,126.86
2024-06-10,14289.89,14328.78,0,1,0,33.29,12.7,1,-42.84
2024-06-11,56754.93,56754.93,0,0,0,33.98,12.9,1,127.02
2024-06-12,56754.93,56754.93,0,0,0,35.32,12.0,1,127.02
2024-06-13,56754.93,56754.93,0,0,0,35.88,11.9,1,127.02
2024-06-14,56754.93,56754.93,0,0,0,36.4,12.7,1,127.02
2024-06-17,12117.53,12159.97,0,1,0,37.72,12.8,1,-51.53
2024-06-18,56777.81,56777.81,0,0,0,37.74,12.3,1,127.11
2024-06-20,56777.81,56777.81,0,0,0,36.85,13.3,1,127.11
2024-06-21,56777.81,56777.81,0,0,0,36.51,13.2,1,127.11
2024-06-24,11820.53,11899.75,0,1,0,35.28,13.3,1,-52.72
2024-06-25,56893.43,56893.43,0,0,0,36.46,12.8,1,127.57
2024-06-26,56893.43,56893.43,0,0,0,36.68,12.6,1,127.57
2024-06-27,56893.43,56893.43,0,0,0,36.95,12.2,1,127.57
2024-06-28,56893.43,56893.43,0,0,0,36.37,12.4,1,127.57
2024-07-01,13151.92,13203.41,0,1,0,36.96,12.2,1,-47.39
2024-07-02,56962.2,56962.2,0,0,0,38.1,12.0,1,127.85
2024-07-03,56962.2,56962.2,0,0,0,39.03,12.1,1,127.85
2024-07-05,56962.2,56962.2,0,0,0,40.22,12.5,1,127.85
2024-07-08,12744.23,12776.93,0,1,0,40.48,12.4,1,-49.02
2024-07-09,56979.9,56979.9,0,0,0,40.57,12.5,1,127.92
2024-07-10,56979.9,56979.9,0,0,0,41.84,12.9,1,127.92
2024-07-11,56979.9,56979.9,0,0,0,39.09,12.9,1,127.92
2024-07-12,56979.9,56979.9,0,0,0,39.73,12.5,1,127.92
2024-07-15,13262.24,13371.49,0,1,0,40.02,13.1,1,-46.95
2024-07-16,57062.63,57062.63,0,0,0,40.05,13.2,1,128.25
2024-07-17,57062.63,57062.63,0,0,0,36.53,14.5,1,128.25
2024-07-18,57062.63,57062.63,0,0,0,35.98,15.9,1,128.25
2024-07-19,57062.63,57062.63,0,0,0,35.01,16.5,1,128.25
2024-07-22,13828.17,14125.41,0,1,0,36.54,14.9,1,-44.69
2024-07-23,13880.27,14125.41,0,1,0,36.14,14.7,1,-44.48
2024-07-24,55509.09,55509.09,0,0,0,32.24,18.0,1,122.04
2024-07-25,55509.09,55509.09,0,0,0,31.17,18.5,1,122.04
2024-07-26,55509.09,55509.09,0,0,0,32.06,16.4,1,122.04
2024-07-29,11473.72,12019.92,0,1,0,32.25,16.6,1,-54.11
2024-07-30,11241.48,12019.92,0,1,0,30.93,17.7,1,-55.03
2024-07-31,56454.95,56454.95,0,0,0,33.64,16.4,1,125.82
2024-08-01,56454.95,56454.95,0,0,0,31.21,18.6,1,125.82
2024-08-02,56454.95,56454.95,0,0,0,28.94,23.4,1,125.82
2024-08-05,56454.95,56454.95,0,0,0,26.42,38.6,0,125.82
2024-08-06,56454.95,56454.95,0,0,0,27.08,27.7,0,125.82
2024-08-07,56454.95,56454.95,0,0,0,26.2,27.9,0,125.82
2024-08-08,56454.95,56454.95,0,0,0,28.6,23.8,1,125.82
2024-08-09,56454.95,56454.95,0,0,0,28.99,20.4,1,125.82
2024-08-12,11281.09,12337.45,0,1,0,29.19,20.7,1,-54.88
2024-08-13,57990.57,57990.57,0,0,0,31.31,18.1,1,131.96
2024-08-14,57990.57,57990.57,0,0,0,31.37,16.2,1,131.96
2024-08-15,57990.57,57990.57,0,0,0,33.73,15.2,1,131.96
2024-08-16,57990.57,57990.57,0,0,0,33.82,14.8,1,131.96
2024-08-19,13225.44,14367.97,0,1,0,35.13,14.6,1,-47.1
2024-08-20,13457.79,14367.97,0,1,0,34.91,15.9,1,-46.17
2024-08-21,59332.8,59332.8,0,0,0,35.39,16.3,1,137.33
2024-08-22,59332.8,59332.8,0,0,0,33.69,17.5,1,137.33
2024-08-23,59332.8,59332.8,0,0,0,34.75,15.9,1,137.33
2024-08-26,13279.99,14254.13,0,1,0,33.73,16.1,1,-46.88
2024-08-27,60003.04,60003.04,0,0,0,34.01,15.4,1,140.01
2024-08-28,60003.04,60003.04,0,0,0,32.86,17.1,1,140.01
2024-08-29,60003.04,60003.04,0,0,0,32.69,15.6,1,140.01
2024-08-30,60003.04,60003.04,0,0,0,33.8,15.0,1,140.01
2024-09-03,60003.04,60003.04,0,0,0,30.72,20.7,1,140.01
2024-09-04,60003.04,60003.04,0,0,0,30.46,21.3,1,140.01
2024-09-05,60003.04,60003.04,0,0,0,30.55,19.9,1,140.01
2024-09-06,60003.04,60003.04,0,0,0,28.08,22.4,0,140.01
2024-09-09,60003.04,60003.04,0,0,0,29.12,19.5,0,140.01
2024-09-10,60003.04,60003.04,0,0,0,29.9,19.1,1,140.01
2024-09-11,60003.04,60003.04,0,0,0,31.81,17.7,1,140.01
2024-09-12,60003.04,60003.04,0,0,0,32.75,17.1,1,140.01
2024-09-13,60003.04,60003.04,0,0,0,33.18,16.6,1,140.01
2024-09-16,12321.85,12857.96,0,1,0,32.74,17.1,1,-50.71
2024-09-17,60334.02,60334.02,0,0,0,32.76,17.6,1,141.34
2024-09-18,60334.02,60334.02,0,0,0,32.33,18.2,1,141.34
2024-09-19,60334.02,60334.02,0,0,0,34.77,16.3,1,141.34
2024-09-20,60334.02,60334.02,0,0,0,34.55,16.1,1,141.34
2024-09-23,12808.48,13356.0,0,1,0,34.81,15.9,1,-48.77
2024-09-24,60850.19,60850.19,0,0,0,35.3,15.4,1,143.4
2024-09-25,60850.19,60850.19,0,0,0,35.42,15.4,1,143.4
2024-09-26,60850.19,60850.19,0,0,0,36.17,15.4,1,143.4
2024-09-27,60850.19,60850.19,0,0,0,35.55,17.0,1,143.4
2024-09-30,15191.64,15665.23,0,1,0,35.83,16.7,1,-39.23
2024-10-01,14936.56,15665.23,0,1,0,34.31,19.3,1,-40.25
2024-10-02,15223.58,15665.23,0,1,0,34.44,18.9,1,-39.11
2024-10-03,61385.76,61385.76,0,0,0,34.36,20.5,1,145.54
2024-10-04,61385.76,61385.76,0,0,0,35.57,19.2,1,145.54
2024-10-07,14415.6,14776.15,0,1,0,34.4,22.6,1,-42.34
2024-10-08,61934.51,61934.51,0,0,0,35.89,21.4,1,147.74
2024-10-09,61934.51,61934.51,0,0,0,36.76,20.9,1,147.74
2024-10-10,61934.51,61934.51,0,0,0,36.63,20.9,1,147.74
2024-10-11,61934.51,61934.51,0,0,0,36.72,20.5,1,147.74
2024-10-14,13939.9,14176.74,0,1,0,37.66,19.7,1,-44.24
2024-10-15,13745.69,14176.74,0,1,0,36.16,20.6,1,-45.02
2024-10-16,13914.07,14176.74,0,1,0,36.14,19.6,1,-44.34
2024-10-17,62233.73,62233.73,0,0,0,36.25,19.1,1,148.93
2024-10-18,62233.73,62233.73,0,0,0,36.89,18.0,1,148.93
2024-10-21,14963.23,15145.58,0,1,0,37.09,18.4,1,-40.15
2024-10-22,62382.86,62382.86,0,0,0,37.2,18.2,1,149.53
2024-10-23,62382.86,62382.86,0,0,0,35.48,19.2,1,149.53
2024-10-24,62382.86,62382.86,0,0,0,36.33,19.1,1,149.53
2024-10-25,62382.86,62382.86,0,0,0,36.94,20.3,1,149.53
2024-10-28,15263.49,15500.06,0,1,0,36.97,19.8,1,-38.95
2024-10-29,62712.53,62712.53,0,0,0,38.0,19.3,1,150.85
2024-10-30,62712.53,62712.53,0,0,0,37.15,20.4,1,150.85
2024-10-31,62712.53,62712.53,0,0,0,34.33,23.2,1,150.85
2024-11-01,62712.53,62712.53,0,0,0,35.06,21.9,1,150.85
2024-11-04,15290.36,15623.43,0,1,0,34.73,22.0,1,-38.84
2024-11-05,63204.18,63204.18,0,0,0,36.05,20.5,1,152.82
2024-11-06,63204.18,63204.18,0,0,0,38.98,16.3,1,152.82
2024-11-07,63204.18,63204.18,0,0,0,40.8,15.2,1,152.82
2024-11-08,63204.18,63204.18,0,0,0,40.9,14.9,1,152.82
2024-11-11,14895.73,15226.55,0,1,0,40.82,15.0,1,-40.42
2024-11-12,63364.0,63364.0,0,0,0,40.6,14.7,1,153.46
2024-11-13,63364.0,63364.0,0,0,0,40.42,14.0,1,153.46
2024-11-14,63364.0,63364.0,0,0,0,39.57,14.3,1,153.46
2024-11-15,63364.0,63364.0,0,0,0,36.71,16.1,1,153.46
2024-11-18,15640.14,16076.35,0,1,0,37.45,15.6,1,-37.44
2024-11-19,63855.21,63855.21,0,0,0,38.2,16.4,1,155.42
2024-11-20,63855.21,63855.21,0,0,0,38.16,17.2,1,155.42
2024-11-21,63855.21,63855.21,0,0,0,38.53,16.9,1,155.42
2024-11-22,63855.21,63855.21,0,0,0,38.67,15.2,1,155.42
2024-11-25,14343.1,14733.09,0,1,0,38.85,14.6,1,-42.63
2024-11-26,64271.92,64271.92,0,0,0,39.46,14.1,1,157.09
2024-11-27,64271.92,64271.92,0,0,0,38.5,14.1,1,157.09
2024-11-29,64271.92,64271.92,0,0,0,39.49,13.5,1,157.09
2024-12-02,16033.63,16267.37,0,1,0,40.77,13.3,1,-35.87
2024-12-03,64504.42,64504.42,0,0,0,41.13,13.3,1,158.02
2024-12-04,64504.42,64504.42,0,0,0,42.63,13.4,1,158.02
2024-12-05,64504.42,64504.42,0,0,0,42.28,13.5,1,158.02
2024-12-06,64504.42,64504.42,0,0,0,43.36,12.8,1,158.02
2024-12-09,14389.27,14503.02,0,1,0,42.35,14.2,1,-42.44
2024-12-10,14411.3,14503.02,0,1,0,41.89,14.2,1,-42.35
2024-12-11,64703.47,64703.47,0,0,0,44.13,13.6,1,158.81
2024-12-12,64703.47,64703.47,0,0,0,43.26,13.9,1,158.81
2024-12-13,64703.47,64703.47,0,0,0,44.19,13.8,1,158.81
2024-12-16,14341.51,14418.54,0,1,0,46.11,14.7,1,-42.63
2024-12-17,14349.51,14418.54,0,1,0,45.49,15.9,1,-42.6
2024-12-18,62858.8,62858.8,0,0,0,40.57,27.6,1,151.44
2024-12-19,62858.8,62858.8,0,0,0,40.0,24.1,1,151.44
2024-12-20,62858.8,62858.8,0,0,0,41.04,18.4,1,151.44
2024-12-23,12946.75,13353.75,0,1,0,42.18,16.8,1,-48.21
2024-12-24,63460.9,63460.9,0,0,0,43.86,14.3,1,153.84
2024-12-26,63460.9,63460.9,0,0,0,43.76,14.7,1,153.84
2024-12-27,63460.9,63460.9,0,0,0,41.98,15.9,1,153.84
2024-12-30,15778.05,16252.19,0,1,0,40.3,17.4,1,-36.89
2024-12-31,15711.86,16252.19,0,1,0,39.24,17.4,1,-37.15
2025-01-02,64113.32,64113.32,0,0,0,38.99,17.9,1,156.45
2025-01-03,64113.32,64113.32,0,0,0,40.86,16.1,1,156.45
2025-01-06,14113.27,14648.8,0,1,0,42.25,16.0,1,-43.55
2025-01-07,13647.74,14648.8,0,1,0,39.98,17.8,1,-45.41
2025-01-08,13955.73,14648.8,0,1,0,40.01,17.7,1,-44.18
2025-01-10,64177.43,14648.8,1300,0,0,38.1,19.5,1,156.71
2025-01-13,63648.71,15891.48,1300,0,1,37.7,19.2,1,154.59
2025-01-14,63793.75,15891.48,1300,0,1,37.57,18.7,1,155.17
2025-01-15,65850.78,15891.48,1300,0,1,40.11,16.1,1,163.4
2025-01-16,65848.92,15891.48,1300,0,1,39.29,16.6,1,163.4
2025-01-17,68107.59,68107.59,0,0,0,41.23,16.0,1,172.43
2025-01-21,68107.59,68107.59,0,0,0,41.91,15.1,1,172.43
2025-01-22,68107.59,68107.59,0,0,0,43.54,15.1,1,172.43
2025-01-23,68107.59,68107.59,0,0,0,43.81,15.0,1,172.43
2025-01-24,68107.59,68107.59,0,0,0,43.02,14.9,1,172.43
2025-01-27,14523.92,15082.7,0,1,0,39.24,17.9,1,-41.9
2025-01-28,68926.84,68926.84,0,0,0,40.99,16.4,1,175.71
2025-01-29,68926.84,68926.84,0,0,0,40.73,16.6,1,175.71
2025-01-30,68926.84,68926.84,0,0,0,41.24,15.8,1,175.71
2025-01-31,68926.84,68926.84,0,0,0,41.02,16.4,1,175.71
2025-02-03,14273.69,14821.35,0,1,0,40.03,18.6,1,-42.91
2025-02-04,69680.23,69680.23,0,0,0,41.48,17.2,1,178.72
2025-02-05,69680.23,69680.23,0,0,0,42.02,15.8,1,178.72
2025-02-06,69680.23,69680.23,0,0,0,42.65,15.5,1,178.72
2025-02-07,69680.23,69680.23,0,0,0,41.02,16.5,1,178.72
2025-02-10,15562.36,15977.86,0,1,0,42.47,15.8,1,-37.75
2025-02-11,15663.64,15977.86,0,1,0,42.17,16.0,1,-37.35
2025-02-12,70192.54,70192.54,0,0,0,42.25,15.9,1,180.77
2025-02-13,70192.54,70192.54,0,0,0,44.03,15.1,1,180.77
2025-02-14,70192.54,70192.54,0,0,0,44.55,14.8,1,180.77
2025-02-18,70192.54,70192.54,0,0,0,44.82,15.4,1,180.77
2025-02-19,70192.54,70192.54,0,0,0,44.83,15.3,1,180.77
2025-02-20,70192.54,70192.54,0,0,0,44.28,15.7,1,180.77
2025-02-21,70192.54,70192.54,0,0,0,41.51,18.2,1,180.77
2025-02-24,15552.93,15938.9,0,1,0,40.02,19.0,1,-37.79
2025-02-25,15331.43,15938.9,0,1,0,38.49,19.4,1,-38.67
2025-02-26,15626.91,15938.9,0,1,0,38.74,19.1,1,-37.49
2025-02-27,68788.99,68788.99,0,0,0,35.53,21.1,0,175.16
2025-02-28,68788.99,68788.99,0,0,0,37.15,19.6,1,175.16
2025-03-03,68788.99,68788.99,0,0,0,34.75,22.8,0,175.16
2025-03-04,68788.99,68788.99,0,0,0,34.37,23.5,0,175.16
2025-03-05,68788.99,68788.99,0,0,0,35.71,21.9,0,175.16
2025-03-06,68788.99,68788.99,0,0,0,32.75,24.9,0,175.16
2025-03-07,68788.99,68788.99,0,0,0,33.43,23.4,0,175.16
2025-03-10,68788.99,68788.99,0,0,0,29.66,27.9,0,175.16
2025-03-11,68788.99,68788.99,0,0,0,29.31,26.9,0,175.16
2025-03-12,68788.99,68788.99,0,0,0,30.31,24.2,0,175.16
2025-03-13,68788.99,68788.99,0,0,0,28.66,24.7,0,175.16
2025-03-14,68788.99,68788.99,0,0,0,30.69,21.8,0,175.16
2025-03-17,68788.99,68788.99,0,0,0,31.29,20.5,0,175.16
2025-03-18,68788.99,68788.99,0,0,0,29.71,21.7,0,175.16
2025-03-19,68788.99,68788.99,0,0,0,30.86,19.9,0,175.16
2025-03-20,68788.99,68788.99,0,0,0,30.55,19.8,0,175.16
2025-03-21,68788.99,68788.99,0,0,0,30.83,19.3,0,175.16
2025-03-24,68788.99,68788.99,0,0,0,32.79,17.5,0,175.16
2025-03-25,68788.99,68788.99,0,0,0,33.38,17.1,0,175.16
2025-03-26,68788.99,68788.99,0,0,0,31.52,18.3,0,175.16
2025-03-27,68788.99,68788.99,0,0,0,30.98,18.7,0,175.16
2025-03-28,68788.99,68788.99,0,0,0,28.52,21.6,0,175.16
2025-03-31,68788.99,68788.99,0,0,0,28.5,22.3,0,175.16
2025-04-01,68788.99,68788.99,0,0,0,29.15,21.8,0,175.16
2025-04-02,68788.99,68788.99,0,0,0,29.81,21.5,0,175.16
2025-04-03,68788.99,68788.99,0,0,0,25.02,30.0,0,175.16
2025-04-04,68788.99,68788.99,0,0,0,20.44,45.3,0,175.16
2025-04-07,68788.99,68788.99,0,0,0,20.52,47.0,0,175.16
2025-04-08,68788.99,68788.99,0,0,0,19.35,52.3,0,175.16
2025-04-09,68788.99,68788.99,0,0,0,26.17,33.6,0,175.16
2025-04-10,68788.99,68788.99,0,0,0,22.95,40.7,0,175.16
2025-04-11,68788.99,68788.99,0,0,0,24.16,37.6,0,175.16
2025-04-14,68788.99,68788.99,0,0,0,24.67,30.9,0,175.16
2025-04-15,68788.99,68788.99,0,0,0,24.76,30.1,0,175.16
2025-04-16,68788.99,68788.99,0,0,0,22.52,32.6,0,175.16
2025-04-17,68788.99,68788.99,0,0,0,22.46,29.6,0,175.16
2025-04-21,68788.99,68788.99,0,0,0,20.82,33.8,0,175.16
2025-04-22,68788.99,68788.99,0,0,0,22.41,30.6,0,175.16
2025-04-23,68788.99,68788.99,0,0,0,23.9,28.5,0,175.16
2025-04-24,68788.99,68788.99,0,0,0,25.93,26.5,0,175.16
2025-04-25,68788.99,68788.99,0,0,0,26.79,24.8,0,175.16
2025-04-28,68788.99,68788.99,0,0,0,26.77,25.1,0,175.16
2025-04-29,68788.99,68788.99,0,0,0,27.29,24.2,0,175.16
2025-04-30,68788.99,68788.99,0,0,0,27.29,24.7,0,175.16
2025-05-01,68788.99,68788.99,0,0,0,28.23,24.6,0,175.16
2025-05-02,68788.99,68788.99,0,0,0,29.56,22.7,0,175.16
2025-05-05,68788.99,68788.99,0,0,0,29.05,23.6,0,175.16
2025-05-06,68788.99,68788.99,0,0,0,28.22,24.8,0,175.16
2025-05-07,68788.99,68788.99,0,0,0,28.55,23.5,0,175.16
2025-05-08,68788.99,68788.99,0,0,0,29.4,22.5,0,175.16
2025-05-09,68788.99,68788.99,0,0,0,29.33,21.9,0,175.16
2025-05-12,68788.99,68788.99,0,0,0,32.88,18.4,0,175.16
2025-05-13,68788.99,68788.99,0,0,0,34.39,18.2,0,175.16
2025-05-14,68788.99,68788.99,0,0,0,34.99,18.6,0,175.16
2025-05-15,68788.99,68788.99,0,0,0,35.1,17.8,0,175.16
2025-05-16,68788.99,68788.99,0,0,0,35.54,17.2,1,175.16
2025-05-19,16895.54,17293.91,0,1,0,35.63,18.1,1,-32.42
2025-05-20,16967.29,17293.91,0,1,0,35.26,18.1,1,-32.13
2025-05-21,16743.2,17293.91,0,1,0,33.79,20.9,0,-33.03
2025-05-22,69150.53,69150.53,0,0,0,33.96,20.3,0,176.6
2025-05-23,69150.53,69150.53,0,0,0,32.98,22.3,0,176.6
2025-05-27,69150.53,69150.53,0,0,0,35.28,19.0,0,176.6
2025-05-28,69150.53,69150.53,0,0,0,34.83,19.3,0,176.6
2025-05-29,69150.53,69150.53,0,0,0,35.0,19.2,0,176.6
2025-05-30,69150.53,69150.53,0,0,0,34.81,18.6,0,176.6
2025-06-02,14036.83,14456.56,0,1,0,35.62,18.4,1,-43.85
2025-06-03,69666.74,69666.74,0,0,0,36.45,17.7,1,178.67
2025-06-04,69666.74,69666.74,0,0,0,36.74,17.6,1,178.67
2025-06-05,69666.74,69666.74,0,0,0,35.88,18.5,1,178.67
2025-06-06,69666.74,69666.74,0,0,0,36.91,16.8,1,178.67
2025-06-09,15673.29,16054.37,0,1,0,37.07,17.2,1,-37.31
2025-06-10,70113.15,70113.15,0,0,0,37.79,17.0,1,180.45
2025-06-11,70113.15,70113.15,0,0,0,37.4,17.3,1,180.45
2025-06-12,70113.15,70113.15,0,0,0,37.64,18.0,1,180.45
2025-06-13,70113.15,70113.15,0,0,0,36.22,20.8,1,180.45
2025-06-16,15207.28,15451.43,0,1,0,37.7,19.1,1,-39.17
2025-06-17,15105.5,15451.43,0,1,0,36.59,21.6,1,-39.58
2025-06-18,15255.58,15451.43,0,1,0,36.54,20.1,1,-38.98
2025-06-20,70341.3,70341.3,0,0,0,36.03,20.6,1,181.37
2025-06-23,16231.99,16505.29,0,1,0,37.15,19.8,1,-35.07
2025-06-24,70784.07,70784.07,0,0,0,38.84,17.5,1,183.14
2025-06-25,70784.07,70784.07,0,0,0,39.14,16.8,1,183.14
2025-06-26,70784.07,70784.07,0,0,0,40.21,16.6,1,183.14
2025-06-27,70784.07,70784.07,0,0,0,40.61,16.3,1,183.14
2025-06-30,14264.15,15009.08,0,1,0,41.4,16.7,1,-42.94
2025-07-01,14021.97,15009.08,0,1,0,40.34,16.8,1,-43.91
2025-07-02,14370.1,15009.08,0,1,0,41.15,16.6,1,-42.52
2025-07-03,71608.04,71608.04,0,0,0,42.3,16.4,1,186.43
2025-07-07,15142.58,15336.11,0,1,0,41.36,17.8,1,-39.43
2025-07-08,71759.49,71759.49,0,0,0,41.41,16.8,1,187.04
2025-07-09,71759.49,71759.49,0,0,0,42.27,15.9,1,187.04
2025-07-10,71759.49,71759.49,0,0,0,42.07,15.8,1,187.04
2025-07-11,71759.49,71759.49,0,0,0,41.75,16.4,1,187.04
2025-07-14,17984.58,18146.46,0,1,0,42.2,17.2,1,-28.06
2025-07-15,71895.51,71895.51,0,0,0,42.31,17.4,1,187.58
2025-07-16,71895.51,71895.51,0,0,0,42.43,17.2,1,187.58
2025-07-17,71895.51,71895.51,0,0,0,43.42,16.5,1,187.58
2025-07-18,71895.51,71895.51,0,0,0,43.27,16.4,1,187.58
2025-07-21,15922.12,16070.13,0,1,0,43.92,16.6,1,-36.31
2025-07-22,15927.5,16070.13,0,1,0,43.24,16.5,1,-36.29
2025-07-23,72103.27,72103.27,0,0,0,43.81,15.4,1,188.41
2025-07-24,72103.27,72103.27,0,0,0,44.1,15.4,1,188.41
2025-07-25,72103.27,72103.27,0,0,0,44.35,14.9,1,188.41
2025-07-28,15037.0,15134.05,0,1,0,44.78,15.0,1,-39.85
2025-07-29,72152.05,72152.05,0,0,0,44.58,16.0,1,188.61
2025-07-30,72152.05,72152.05,0,0,0,44.73,15.5,1,188.61
2025-07-31,72152.05,72152.05,0,0,0,43.99,16.7,1,188.61
2025-08-01,72152.05,72152.05,0,0,0,41.36,20.4,1,188.61
2025-08-04,16566.26,16746.04,0,1,0,43.62,17.5,1,-33.73
2025-08-05,16541.03,16746.04,0,1,0,42.71,17.9,1,-33.84
2025-08-06,72452.79,72452.79,0,0,0,44.31,16.8,1,189.81
2025-08-07,72452.79,72452.79,0,0,0,44.76,16.6,1,189.81
2025-08-08,72452.79,72452.79,0,0,0,45.96,15.1,1,189.81
2025-08-11,18542.27,18671.26,0,1,0,45.56,16.2,1,-25.83
2025-08-12,72658.98,72658.98,0,0,0,47.24,14.7,1,190.64
2025-08-13,72658.98,72658.98,0,0,0,47.31,14.5,1,190.64
2025-08-14,72658.98,72658.98,0,0,0,47.18,14.8,1,190.64
2025-08-15,72658.98,72658.98,0,0,0,46.51,15.1,1,190.64
2025-08-18,17692.34,17805.78,0,1,0,46.45,15.0,1,-29.23
2025-08-19,17521.88,17805.78,0,1,0,44.56,15.6,1,-29.91
2025-08-20,17479.72,17805.78,0,1,0,43.74,15.7,1,-30.08
2025-08-21,17522.58,17805.78,0,1,0,43.14,16.6,1,-29.91
2025-08-22,72759.43,72759.43,0,0,0,45.08,14.2,1,191.04
2025-08-25,15820.24,16029.11,0,1,0,44.68,14.8,1,-36.72
2025-08-26,72993.64,72993.64,0,0,0,45.2,14.6,1,191.97
2025-08-27,72993.64,72993.64,0,0,0,45.41,14.9,1,191.97
2025-08-28,72993.64,72993.64,0,0,0,46.23,14.4,1,191.97
2025-08-29,72993.64,72993.64,0,0,0,44.57,15.4,1,191.97
2025-09-02,72993.64,72993.64,0,0,0,43.43,17.2,1,191.97
2025-09-03,72993.64,72993.64,0,0,0,44.44,16.4,1,191.97
2025-09-04,72993.64,72993.64,0,0,0,45.64,15.3,1,191.97
2025-09-05,72993.64,72993.64,0,0,0,45.79,15.2,1,191.97
2025-09-08,18032.89,18128.78,0,1,0,46.45,15.1,1,-27.87
2025-09-09,73095.18,73095.18,0,0,0,46.83,15.0,1,192.38
2025-09-10,73095.18,73095.18,0,0,0,46.88,15.4,1,192.38
2025-09-11,73095.18,73095.18,0,0,0,47.66,14.7,1,192.38
2025-09-12,73095.18,73095.18,0,0,0,48.26,14.8,1,192.38
2025-09-15,19039.96,19151.46,0,1,0,49.49,15.7,1,-23.84
2025-09-16,73166.75,73166.75,0,0,0,49.36,16.4,1,192.67
2025-09-17,73166.75,73166.75,0,0,0,49.04,15.7,1,192.67
2025-09-18,73166.75,73166.75,0,0,0,50.36,15.7,1,192.67
2025-09-19,73166.75,73166.75,0,0,0,51.36,15.4,1,192.67
2025-09-22,16121.54,16252.98,0,1,0,52.23,16.1,1,-35.51
2025-09-23,16101.2,16252.98,0,1,0,51.18,16.6,1,-35.6
2025-09-24,16144.27,16252.98,0,1,0,50.63,16.2,1,-35.42
2025-09-25,73296.51,73296.51,0,0,0,49.95,16.7,1,193.19
2025-09-26,73296.51,73296.51,0,0,0,50.55,15.3,1,193.19
2025-09-29,17352.49,17482.06,0,1,0,51.22,16.1,1,-30.59
2025-09-30,73435.07,73435.07,0,0,0,51.62,16.3,1,193.74
2025-10-01,73435.07,73435.07,0,0,0,52.35,16.3,1,193.74
2025-10-02,73435.07,73435.07,0,0,0,52.99,16.6,1,193.74
2025-10-03,73435.07,73435.07,0,0,0,52.27,16.6,1,193.74
2025-10-06,15070.6,15214.75,0,1,0,53.44,16.4,1,-39.72
2025-10-07,15072.23,15214.75,0,1,0,52.57,17.2,1,-39.71
2025-10-08,73681.53,73681.53,0,0,0,54.35,16.3,1,194.73
2025-10-09,73681.53,73681.53,0,0,0,54.14,16.4,1,194.73
2025-10-10,73681.53,73681.53,0,0,0,48.46,21.7,1,194.73
2025-10-13,17394.07,17741.05,0,1,0,51.53,19.0,1,-30.42
2025-10-14,17375.01,17741.05,0,1,0,50.49,20.8,1,-30.5
2025-10-15,74163.84,74163.84,0,0,0,51.52,20.6,1,196.66
2025-10-16,74163.84,74163.84,0,0,0,50.95,25.3,1,196.66
2025-10-17,74163.84,74163.84,0,0,0,51.91,20.8,1,196.66
2025-10-20,15335.99,15734.12,0,1,0,53.86,18.2,1,-38.66
2025-10-21,74425.64,74425.64,0,0,0,53.8,17.9,1,197.7
2025-10-22,74425.64,74425.64,0,0,0,52.22,18.6,1,197.7
2025-10-23,74425.64,74425.64,0,0,0,53.53,17.3,1,197.7
2025-10-24,74425.64,74425.64,0,0,0,55.19,16.4,1,197.7
2025-10-27,16232.52,16718.2,0,1,0,58.12,15.8,1,-35.07
2025-10-28,75022.12,75022.12,0,0,0,59.45,16.4,1,200.09
2025-10-29,75022.12,75022.12,0,0,0,60.21,16.9,1,200.09
2025-10-30,75022.12,75022.12,0,0,0,57.46,16.9,1,200.09
2025-10-31,75022.12,75022.12,0,0,0,58.27,17.4,1,200.09
2025-11-03,15884.54,16446.97,0,1,0,59.07,17.2,1,-36.46
2025-11-04,15191.66,16446.97,0,1,0,55.45,19.0,1,-39.23
2025-11-05,15857.36,16446.97,0,1,0,56.53,18.0,1,-36.57
2025-11-06,15053.96,16446.97,0,1,0,53.36,19.5,1,-39.78
2025-11-07,74535.01,16446.97,1100,0,0,52.81,19.1,1,198.14
2025-11-10,78329.55,17665.06,1100,0,1,56.27,17.6,1,213.32
2025-11-11,78244.43,17665.06,1100,0,1,55.8,17.3,1,212.98
2025-11-12,78431.36,17665.06,1100,0,1,55.69,17.5,1,213.73
2025-11-13,75133.27,17665.06,1100,0,1,52.25,20.0,1,200.53
2025-11-14,76400.1,18883.16,1100,0,0,52.29,19.8,1,205.6
2025-11-17,74911.91,20080.66,1100,0,1,50.95,22.4,1,199.65
2025-11-18,73663.6,20080.66,1100,0,1,49.1,24.7,1,194.65
2025-11-19,74636.41,20080.66,1100,0,1,49.95,23.7,1,198.55
2025-11-20,71094.07,20080.66,1100,0,1,46.38,26.4,1,184.38
2025-11-21,73424.51,21278.16,1100,0,0,47.41,23.4,1,193.7
2025-11-24,77367.32,22743.72,1100,0,1,51.0,20.5,1,209.47
2025-11-25,78292.45,22743.72,1100,0,1,51.93,18.6,1,213.17
2025-11-26,79459.26,22743.72,1100,0,1,53.29,17.2,1,217.84
2025-11-28,82553.45,82553.45,0,0,0,54.45,16.4,1,230.21
2025-12-01,18699.27,19397.78,0,1,0,53.97,17.2,1,-25.2
2025-12-02,83359.13,83359.13,0,0,0,55.21,16.6,1,233.44
2025-12-03,83359.13,83359.13,0,0,0,55.6,16.1,1,233.44
2025-12-04,83359.13,83359.13,0,0,0,55.42,15.8,1,233.44
2025-12-05,83359.13,83359.13,0,0,0,56.06,15.4,1,233.44
2025-12-08,17437.93,17939.1,0,1,0,55.71,16.7,1,-30.25
2025-12-09,83758.26,83758.26,0,0,0,55.92,16.9,1,235.03
2025-12-10,83758.26,83758.26,0,0,0,56.56,15.8,1,235.03
2025-12-11,83758.26,83758.26,0,0,0,56.02,14.9,1,235.03
2025-12-12,83758.26,83758.26,0,0,0,52.74,15.7,1,235.03
2025-12-15,17574.38,17956.12,0,1,0,51.94,16.5,1,-29.7
2025-12-16,84103.69,84103.69,0,0,0,52.25,16.5,1,236.41
2025-12-17,84103.69,84103.69,0,0,0,49.32,17.6,1,236.41
2025-12-18,84103.69,84103.69,0,0,0,51.43,16.9,1,236.41
2025-12-19,84103.69,84103.69,0,0,0,53.44,14.9,1,236.41
2025-12-22,20013.27,20310.93,0,1,0,54.17,14.1,1,-19.95
2025-12-23,84451.51,84451.51,0,0,0,54.92,14.0,1,237.81
2025-12-24,84451.51,84451.51,0,0,0,55.36,13.5,1,237.81
2025-12-26,84451.51,84451.51,0,0,0,55.31,13.6,1,237.81
2025-12-29,19976.84,20124.86,0,1,0,54.49,14.2,1,-20.09
2025-12-30,84515.7,84515.7,0,0,0,54.1,14.3,1,238.06
2025-12-31,84515.7,84515.7,0,0,0,52.72,14.9,1,238.06
2026-01-02,84515.7,84515.7,0,0,0,52.35,14.5,1,238.06
2026-01-05,21093.9,21254.99,0,1,0,53.6,14.9,1,-15.62
2026-01-06,84756.73,84756.73,0,0,0,55.01,14.8,1,239.03
2026-01-07,84756.73,84756.73,0,0,0,55.17,15.4,1,239.03
2026-01-08,84756.73,84756.73,0,0,0,54.19,15.4,1,239.03
2026-01-09,84756.73,84756.73,0,0,0,55.76,14.5,1,239.03
2026-01-12,18625.86,18834.63,0,1,0,55.89,15.1,1,-25.5
2026-01-13,84871.23,84871.23,0,0,0,55.6,16.0,1,239.48
2026-01-14,84871.23,84871.23,0,0,0,53.83,16.8,1,239.48
2026-01-15,84871.23,84871.23,0,0,0,54.38,15.8,1,239.48
2026-01-16,84871.23,84871.23,0,0,0,54.14,15.9,1,239.48
2026-01-20,84871.23,84871.23,0,0,0,50.73,20.1,1,239.48
2026-01-21,84871.23,84871.23,0,0,0,52.73,16.9,1,239.48
2026-01-22,84871.23,84871.23,0,0,0,53.9,15.6,1,239.48
2026-01-23,84871.23,84871.23,0,0,0,54.38,16.1,1,239.48
2026-01-26,19698.58,19850.88,0,1,0,55.08,16.1,1,-21.21
2026-01-27,85100.79,85100.79,0,0,0,56.54,16.4,1,240.4
2026-01-28,85100.79,85100.79,0,0,0,57.06,16.4,1,240.4
2026-01-29,85100.79,85100.79,0,0,0,56.04,16.9,1,240.4
2026-01-30,85100.79,85100.79,0,0,0,54.0,17.4,1,240.4
2026-02-02,19904.49,20069.55,0,1,0,55.1,16.3,1,-20.38
2026-02-03,19604.03,20069.55,0,1,0,52.52,18.0,1,-21.58
2026-02-04,83765.52,83765.52,0,0,0,49.76,18.6,1,235.06
2026-02-05,83765.52,83765.52,0,0,0,47.64,21.8,1,235.06
2026-02-06,83765.52,83765.52,0,0,0,50.59,20.4,1,235.06
2026-02-09,17834.76,18258.68,0,1,0,51.74,17.4,1,-28.66
2026-02-10,17880.3,18258.68,0,1,0,51.02,17.8,1,-28.48
2026-02-11,84292.0,84292.0,0,0,0,51.4,17.6,1,237.17
2026-02-12,84292.0,84292.0,0,0,0,48.26,20.8,1,237.17
2026-02-13,84292.0,84292.0,0,0,0,48.47,20.6,1,237.17
2026-02-17,84292.0,84292.0,0,0,0,48.35,20.3,1,237.17
2026-02-18,84292.0,84292.0,0,0,0,49.39,19.6,1,237.17
2026-02-19,84292.0,84292.0,0,0,0,48.83,20.2,1,237.17
2026-02-20,84292.0,84292.0,0,0,0,50.06,19.1,1,237.17
2026-02-23,18429.4,18832.12,0,1,0,48.24,21.0,1,-26.28
2026-02-24,84875.45,84875.45,0,0,0,49.78,19.5,1,239.5
2026-02-25,84875.45,84875.45,0,0,0,51.87,17.9,1,239.5
2026-02-26,84875.45,84875.45,0,0,0,50.05,18.6,1,239.5
2026-02-27,84875.45,84875.45,0,0,0,49.52,19.9,1,239.5
2026-03-02,17019.95,17479.15,0,1,0,49.7,21.4,1,-31.92
2026-03-03,16841.64,17479.15,0,1,0,48.1,23.6,0,-32.63
2026-03-04,85594.97,85594.97,0,0,0,50.26,21.1,1,242.38
2026-03-05,85594.97,85594.97,0,0,0,49.8,23.8,1,242.38
2026-03-06,85594.97,85594.97,0,0,0,47.54,29.5,0,242.38
2026-03-09,54126.54,54464.96,0,1,0,49.39,25.5,1,116.51
2026-03-10,85809.4,85809.4,0,0,0,49.4,24.9,1,243.24
2026-03-11,85809.4,85809.4,0,0,0,49.35,24.2,1,243.24
2026-03-12,85809.4,85809.4,0,0,0,46.83,27.3,0,243.24
2026-03-13,85809.4,85809.4,0,0,0,45.93,27.2,0,243.24
2026-03-16,85809.4,85809.4,0,0,0,47.46,23.5,0,243.24
2026-03-17,85809.4,85809.4,0,0,0,48.16,22.4,0,243.24
2026-03-18,85809.4,85809.4,0,0,0,46.1,25.1,0,243.24
2026-03-19,85809.4,85809.4,0,0,0,45.69,24.1,0,243.24
