"Watchlist D watch, as of 05/31/26 at 11:51 AM EST"
"undefined","Symbol","Mark","Mark Chg","Mark Chg %","52 Wk High","52 Wk Low","IV Rank","Short Interest %","Delta From 52 Wk High","Delta From 52 Wk Low","Pct. Chg. From 52 Wk High","Pct. Chg. From 52 Wk Low","Ext Hrs Chg %"
"--","APLX","35.3","-3.62","-9.30%","59.999940000","7.81","0.19369998729836163","--","-24.699940000000005","27.49","-41.17%","--","--"
"--","CEG","287.75","1.44","0.50%","412.7","243.3","0.3908132530120483","2.92%","-124.94999999999999","44.44999999999999","-30.28%","18.27%","--"
"--","MSTR","159.09","7.45","4.91%","457.22","104.165","0.28059032318326155","11.29%","-298.13","54.925","-65.20%","52.73%","--"
"--","AEP","126.67","-1.09","-0.85%","139.44","100.72","0.3521320495185696","5.04%","-12.769999999999996","25.950000000000003","-9.16%","25.76%","--"
"--","ABBV","217.72","-0.91","-0.42%","244.81","181.73","0.26198630136986295","1.28%","-27.090000000000003","35.99000000000001","-11.07%","19.80%","--"
"--","TT","451.3","-0.96","-0.21%","503.47","348.06","0.640734265734266","1.95%","-52.170000000000016","103.24000000000001","-10.36%","29.66%","--"
"--","ANET","159.47","4.2","2.71%","179.8","83.858","0.6832298136645961","1.66%","-20.330000000000013","75.612","-11.31%","--","--"
"--","AMD","516.1","-1.99","-0.38%","527.1999","108.6154","0.8105164903546981","2.74%","-11.099899999999934","407.4846","-2.11%","375.16%","--"
"--","RCL","284.63","3.34","1.19%","366.5","232.1","0.3830345430695234","4.62%","-81.87","52.53","-22.34%","22.63%","--"
"--","VST","160.23","-0.05","-0.03%","219.82","132.66","0.2983050847457628","3.99%","-59.59","27.569999999999993","-27.11%","20.78%","--"
"--","VIX","15.32","-0.42","-2.67%","--","--","0.1607452666515803","--","--","--","--","--","--"
"--","OKLO","66.88","-1.21","-1.78%","193.84","44.88","0.2623976889744824","20.16%","-126.96000000000001","21.999999999999993","--","49.02%","--"
"--","BA","231.15","2.37","1.04%","254.3499","176.77","0.3333333333333332","2.06%","-23.199899999999985","54.379999999999995","-9.12%","30.76%","--"
"--","EME","826.82","-21.63","-2.55%","951.96","455.1401","0.407766990291262","2.33%","-125.13999999999999","371.67990000000003","-13.15%","81.66%","--"
"--","JCI","134.06","-2.09","-1.54%","147.32","99.105","1.135901162790698","1.48%","-13.259999999999991","34.955","-9.00%","--","--"
"--","COST","956.32","-38.88","-3.91%","1096.5","844.06","0.08655332302936623","1.66%","-140.17999999999995","112.2600000000001","--","13.30%","--"
"--","CAT","875.87","-11.8","-1.33%","931.35","339.5","0.6419110690633867","1.81%","-55.48000000000002","536.37","-5.96%","157.99%","--"
"--","VRTX","447.54","-0.43","-0.10%","507.92","362.5","-0.10398050365556441","1.76%","-60.379999999999995","85.04000000000002","-11.89%","23.46%","--"
"--","HROW","35.21","-0.18","-0.51%","54.85","26.87","0.40079123554473534","17.42%","-19.64","8.34","-35.81%","31.04%","--"
"--","COIN","189.03","6.78","3.72%","444.645","139.36","0.416082626337145","9.72%","-255.61499999999998","49.66999999999999","-57.49%","35.64%","--"
"--","NET","241.82","13.71","6.01%","260","158.83","0.6735451919108546","2.54%","-18.180000000000007","82.98999999999998","-6.99%","52.25%","--"
"--","VRT","315.71","1.53","0.49%","379.935","104.71","0.724788872329856","3.53%","-64.22500000000002","211","-16.90%","201.51%","--"
"--","LITE","854.96","-5.66","-0.66%","1085.68","71.04","0.6341132587317736","11.77%","-230.72000000000003","783.9200000000001","--","1103.49%","--"
"--","GEV","968.32","-27.68","-2.78%","1181.95","458.646","0.42741935483870946","3.30%","-213.63","509.67400000000004","--","111.13%","--"
"--","ECL","256.0","-4.25","-1.63%","309.27","243.15","0.8918660287081341","1.25%","-53.26999999999998","12.849999999999994","-17.22%","5.28%","--"
"--","ZS","139.73","9.69","7.45%","336.99","114.625","0.702324352879028","6.89%","-197.26000000000002","25.10499999999999","-58.54%","21.90%","--"
"--","TSM","418.45","-6.41","-1.51%","430.55","190.56","0.8338826631509558","0.55%","-12.100000000000023","227.89","-2.81%","119.59%","--"
"--","GPOR","168.59","-2.6","-1.52%","225.78","160.95","0.6083976006855186","4.20%","-57.19","7.640000000000015","-25.33%","4.75%","--"
"--","SPXC","216.66","2.84","1.33%","246.68","150.495","0.6792265741199802","3.57%","-30.02000000000001","66.16499999999999","-12.17%","43.96%","--"
"--","NVO","45.58","0.07","0.15%","81.44","35.12","-0.24865591397849449","0.64%","-35.86","10.46","-44.03%","29.78%","--"
"--","HOOD","94.3","9.46","11.15%","153.8599","62.92","0.4856423173803525","4.19%","-59.55990000000001","31.379999999999995","--","49.87%","--"
"--","SNOW","255.55","16.35","6.84%","280.67","118.3","0.6474522292993631","5.62%","-25.120000000000005","137.25","-8.95%","116.02%","--"
"--","META","632.51","-2.78","-0.44%","796.25","520.26","0.11692969870875168","1.27%","-163.74","112.25","-20.56%","21.58%","--"
"--","AAPL","312.06","-0.45","-0.14%","315.0","195.07","-0.10994764397905775","0.94%","-2.9399999999999977","116.99000000000001","-0.93%","59.97%","--"
"--","NVT","166.99","2.12","1.29%","175","63.6","0.950282942603072","2.53%","-8.009999999999991","103.39000000000001","-4.58%","--","--"
"--","GOOG","376.43","-9.69","-2.51%","404.47","163.33","0.10562837316885108","0.80%","-28.04000000000002","213.1","-6.93%","130.47%","--"
"--","AYI","305.11","4.8","1.60%","380.1699","253.03","0.5350278983261003","4.29%","-75.05989999999997","52.08000000000001","-19.74%","20.58%","--"
"--","AVGO","446.77","20.19","4.73%","448.9","234.9","1.2047344849648114","1.12%","-2.1299999999999955","211.86999999999998","-0.47%","90.20%","--"
"--","MRVL","205.0","0.17","0.08%","218.2599","58.61","0.8999003984063747","3.69%","-13.259899999999988","146.39","-6.08%","--","--"
"--","TSLA","435.79","-6.31","-1.43%","498.83","273.21","0.004077094143810194","2.00%","-63.039999999999964","162.58000000000004","-12.64%","59.51%","--"
"--","ARM","353.29","18.02","5.37%","356.45","100.02","0.9764350453172207","1.76%","-3.159999999999968","253.27000000000004","-0.89%","253.22%","--"
"--","WDAY","146.19","16.18","12.45%","257.09","110.36","0.8013793103448275","10.89%","-110.89999999999998","35.83","-43.14%","32.47%","--"
"--","LMT","530.45","-6.76","-1.26%","692","410.11","0.38223418573351264","1.11%","-161.54999999999995","120.34000000000003","-23.35%","29.34%","--"
"--","QCOM","251.02","7.73","3.18%","259.92","121.99","1.0169204737732656","4.79%","-8.900000000000006","129.03000000000003","-3.42%","105.77%","--"
"--","DUOL","111.36","2.69","2.48%","540.3","87.89","0.15069991251093606","16.71%","-428.93999999999994","23.47","-79.39%","--","--"
"--","BABA","124.22","-1.94","-1.54%","192.67","103.71","0.2073602264685067","1.65%","-68.44999999999999","20.510000000000005","-35.53%","19.78%","--"
"--","RSP","208.83","0.58","0.28%","209.32","174.27","0.7893203883495143","7.02%","-0.4899999999999807","34.56","-0.23%","19.83%","--"
"--","CRWD","731.0","60.0","8.94%","731.49","342.72","1.3787234042553187","2.95%","-0.4900000000000091","388.28","-0.07%","113.29%","--"
"--","SATS","129.19","-1.88","-1.43%","147.252","14.9","0.38823679510079107","14.02%","-18.062000000000012","114.28999999999999","-12.27%","--","--"
"--","AXP","316.47","1.35","0.43%","387.49","286.15","0.10996309963099607","1.80%","-71.01999999999998","30.32000000000005","-18.33%","10.60%","--"
"--","ADBE","259.21","17.77","7.36%","421.48","224.13","--","4.70%","-162.27000000000004","35.079999999999984","-38.50%","15.65%","--"
"--","QQQ","738.31","2.71","0.37%","741.63","511.93","--","10.11%","-3.32000000000005","226.37999999999994","-0.45%","44.22%","--"
"--","XYL","109.54","0.29","0.27%","154.27","105.29","--","3.38%","-44.730000000000004","4.25","-28.99%","4.04%","--"
"--","VLO","244.82","-0.03","-0.01%","263.75","125.1","--","2.84%","-18.930000000000007","119.72","-7.18%","95.70%","--"
"--","AVAV","207.24","-7.15","-3.33%","417.86","156","--","9.14%","-210.62","51.24000000000001","-50.40%","32.85%","--"
"--","IBM","297.8","33.58","12.71%","324.9","212.34","--","2.86%","-27.099999999999966","85.46000000000001","-8.34%","40.25%","--"
"--","MSFT","450.24","23.25","5.45%","555.45","356.28","--","1.04%","-105.21000000000004","93.96000000000004","-18.94%","26.37%","--"
"--","V","326.36","1.41","0.43%","375.51","293.89","--","1.37%","-49.14999999999998","32.47000000000003","-13.09%","11.05%","--"
"--","NFLX","86.02","-0.34","-0.39%","134.115000000","75.01","--","2.33%","-48.09500000000001","11.009999999999991","--","14.68%","--"
"--","AXSM","234.48","1.65","0.71%","238.56","96.09","--","5.40%","-4.0800000000000125","138.39","-1.71%","--","--"
"--","BIDU","135.31","3.26","2.47%","165.3","81.17","--","2.08%","-29.99000000000001","54.14","-18.14%","--","--"
"--","JBL","364.56","0.91","0.25%","381.94","164.6861","--","2.39%","-17.379999999999995","199.8739","-4.55%","121.37%","--"
"--","ARKW","152.99","2.77","1.84%","183","113.3601","--","2.57%","-30.00999999999999","39.629900000000006","-16.40%","34.96%","--"
"--","ANF","77.22","-4.96","-6.04%","133.11","65.45","--","7.48%","-55.890000000000015","11.769999999999996","--","17.98%","--"
"--","JPM","299.31","2.58","0.87%","337.25","260.31","--","1.01%","-37.94","39","-11.25%","14.98%","--"
"--","SNDK","1694.98","53.34","3.25%","1708.8255","36.207","--","6.17%","-13.845499999999902","1658.773","-0.81%","--","--"
"--","RBRK","78.63","8.31","11.82%","103","42.25","--","7.71%","-24.370000000000005","36.379999999999995","--","86.11%","--"
"--","SANM","259.73","-3.5","-1.33%","270.49","83.19","--","4.32%","-10.759999999999991","176.54000000000002","-3.98%","--","--"
"--","GLW","181.16","-1.53","-0.84%","211.79","48.88","--","2.47%","-30.629999999999995","132.28","-14.46%","--","--"
"--","NVDA","211.14","-3.11","-1.45%","236.54","132.92","--","1.23%","-25.400000000000006","78.22","-10.74%","58.85%","--"
"--","ORCL","225.78","22.08","10.84%","345.72","134.57","--","1.26%","-119.94000000000003","91.21000000000001","-34.69%","67.78%","--"
"--","CSCO","120.42","1.78","1.50%","121.43","62.3","--","1.50%","-1.0100000000000051","58.120000000000005","-0.83%","--","--"
"--","COHR","361.47","-15.48","-4.11%","413","73.66","--","4.43%","-51.52999999999997","287.81000000000006","-12.48%","--","--"
"--","SAP","181.79","6.33","3.61%","313.28","158.58","--","0.93%","-131.48999999999998","23.20999999999998","-41.97%","14.64%","--"
"--","TQQQ","84.56","0.88","1.05%","85.7","33.52","--","6.52%","-1.1400000000000006","51.04","-1.33%","152.27%","--"
"--","FN","654.16","-13.79","-2.06%","748.89","224.66","--","6.69%","-94.73000000000002","429.5","-12.65%","191.18%","--"
"--","ARKK","81.95","0.94","1.16%","92.65","55.22","--","34.99%","-10.700000000000003","26.730000000000004","-11.55%","48.41%","--"
"--","CVX","182.46","-0.57","-0.31%","214.71","135.21","--","1.01%","-32.25","47.25","-15.02%","34.95%","--"
"--","NOW","124.37","15.64","14.38%","211.47798","81.24","--","5.62%","-87.10798","43.13000000000001","-41.19%","--","--"
"--","WAT","383.57","16.9","4.61%","414.15","275.05","--","4.01%","-30.579999999999984","108.51999999999998","-7.38%","39.45%","--"
"--","DIS","101.83","-1.9","-1.83%","124.69","92.185","--","1.48%","-22.86","9.644999999999996","-18.33%","--","--"
"--","MELI","1695.65","0.12","0.01%","2645.22","1495","--","2.05%","-949.5699999999997","200.6500000000001","-35.90%","13.42%","--"
"--","GS","1025.56","17.19","1.70%","1027.2152","592.1701","--","2.31%","-1.6552000000001499","433.3898999999999","-0.16%","--","--"
"--","RMBS","145.46","-2.56","-1.73%","161.8","52.12","--","7.06%","-16.340000000000003","93.34","-10.10%","--","--"
"--","ASTS","113.41","-19.68","-14.79%","133.8599","22.47","--","13.50%","-20.449900000000014","90.94","-15.28%","--","--"
"--","AMZN","270.64","-3.36","-1.23%","278.56","196","--","0.97%","-7.920000000000016","74.63999999999999","-2.84%","38.08%","--"
"--","CRM","191.1","14.93","8.47%","276.8","163.52","--","7.65%","-85.70000000000002","27.579999999999984","-30.96%","16.87%","--"
"--","WPM","132.6","2.53","1.95%","165.76","85.59","--","0.70%","-33.16","47.00999999999999","-20.00%","--","--"
"--","CLS","385.39","34.37","9.79%","435","110.5401","--","2.98%","-49.610000000000014","274.8499","-11.40%","248.64%","--"
"--","GDX","89.49","2.31","2.65%","117.175","49.72","--","12.49%","-27.685000000000002","39.769999999999996","--","79.99%","--"
"--","PLTR","156.54","13.2","9.21%","207.52","118.93","--","2.95%","-50.98000000000002","37.609999999999985","-24.57%","31.62%","--"
"--","AMAT","450.06","0.38","0.08%","462.4","153.47","--","2.31%","-12.339999999999975","296.59000000000003","-2.67%","193.26%","--"
"--","LULU","131.18","-0.15","-0.11%","340.25","116.625","--","5.49%","-209.07","14.555000000000007","-61.45%","12.48%","--"
"--","CIEN","580.23","10.05","1.76%","605.61","70.77","--","3.20%","-25.379999999999995","509.46000000000004","-4.19%","--","--"
"--","CRCL","113.0","4.76","4.40%","298.99","49.9","--","7.28%","-185.99","63.1","-62.21%","--","--"
"--","LABU","195.3","3.64","1.90%","212.45","48.22","--","16.95%","-17.149999999999977","147.08","-8.07%","--","--"
"--","MDB","335.55","9.87","3.03%","444.72","182.43","--","4.84%","-109.17000000000002","153.12","-24.55%","83.93%","--"
"--","ADI","413.85","-5.16","-1.23%","435.72","210.8","--","1.95%","-21.870000000000005","203.05","-5.02%","96.32%","--"
"--","SLB","54.55","-0.57","-1.03%","58.8199","31.64","--","4.11%","-4.2699","22.909999999999997","-7.26%","72.41%","--"
"--","NBIS","231.09","4.75","2.10%","233.7299","34.72","--","14.16%","-2.639899999999983","196.37","-1.13%","--","--"
"--","XOM","145.26","-1.7","-1.16%","176.41","101.185","--","0.99%","-31.150000000000006","44.07499999999999","-17.66%","43.56%","--"
"--","CRDO","236.03","13.68","6.15%","240.81","59.21","--","6.07%","-4.780000000000001","176.82","-1.98%","--","--"
"--","ASML","1612.76","6.99","0.44%","1654.2","683.48","--","0.25%","-41.440000000000055","929.28","-2.51%","--","--"
"--","LEU","182.47","-2.99","-1.61%","464.25","117.6408","--","21.58%","-281.78","64.8292","-60.70%","55.11%","--"
"--","INTU","331.53","18.53","5.92%","813.7","300.5","--","4.03%","-482.1700000000001","31.029999999999973","-59.26%","10.33%","--"
"--","AEM","183.15","5.18","2.91%","255.24","114.6","--","0.97%","-72.09","68.55000000000001","-28.24%","59.82%","--"
"--","SPOT","497.68","-19.03","-3.68%","785","405","--","3.07%","-287.32","92.68","-36.60%","22.88%","--"
"--","NUGT","170.65","8.24","5.07%","320.7897","68.93","--","6.71%","-150.13969999999998","101.72","-46.80%","--","--"
"--","CRWV","109.53","2.67","2.50%","187","63.8","--","9.43%","-77.47","45.730000000000004","-41.43%","--","--"
"--","WDC","531.21","0.03","0.01%","553.5","51.17","--","8.64%","-22.289999999999964","480.04","-4.03%","938.13%","--"
"--","CHRW","178.65","3.24","1.85%","203.34","92.36","--","6.44%","-24.689999999999998","86.29","-12.14%","--","--"
"--","KTOS","64.13","-1.06","-1.63%","134","35.88","--","6.99%","-69.87","28.249999999999993","--","78.73%","--"
"--","MU","971.0","47.48","5.14%","981.0","92.22","--","3.12%","-10","878.78","-1.02%","952.92%","--"
"--","RDDT","176.0","8.31","4.96%","282.95","106.3402","--","6.91%","-106.94999999999999","69.6598","-37.80%","65.51%","--"
"--","TFX","128.64","-1.02","-0.79%","139.67","100.18","--","5.37%","-11.030000000000001","28.45999999999998","-7.90%","28.41%","--"
"--","ALAB","342.85","-6.32","-1.81%","354.53","84.78","--","7.24%","-11.67999999999995","258.07000000000005","-3.29%","--","--"
"--","RKLB","143.48","-4.55","-3.07%","150.9999","25.24","--","5.77%","-7.519900000000007","118.24","-4.98%","--","--"
"--","DASH","159.29","2.59","1.65%","285.5","143.3","--","3.40%","-126.21000000000001","15.98999999999998","-44.21%","11.16%","--"
"--","APP","613.09","13.2","2.20%","745.61","320","--","3.56%","-132.51999999999998","293.09000000000003","-17.77%","91.59%","--"
"--","SHOP","118.71","3.68","3.20%","182.19","94","--","1.68%","-63.480000000000004","24.709999999999994","-34.84%","--","--"
"--","AGQ","114.42","-0.05","-0.04%","431.47","39.7","--","7.83%","-317.05","74.72","-73.48%","--","--"
"--","WMT","115.75","-3.15","-2.65%","135.155","93.43","--","1.02%","-19.405","22.319999999999993","-14.36%","--","--"
"--","MA","493.98","0.23","0.05%","601.77","480.5","--","0.81%","-107.78999999999996","13.480000000000018","-17.91%","2.81%","--"
"--","BLK","1046.88","0.39","0.04%","1219.9399","917.39","--","1.33%","-173.05989999999997","129.49000000000012","-14.19%","--","--"
"--","WTI","3.68","-0.04","-1.08%","5.08","1.46","--","13.09%","-1.4","2.22","-27.56%","152.05%","--"
"--","BAC","51.6","0.83","1.63%","57.55","43.36","--","1.42%","-5.949999999999996","8.240000000000002","-10.34%","19.00%","--"
"--","P","79.51","6.47","8.86%","100.5899","50.2","--","3.09%","-21.079899999999995","29.310000000000002","--","58.39%","--"
